date,portfolio_value,daily_return,reward,drawdown,sharpe,cvar_penalty
2022-01-04,999729.3033539277,-0.00027069664607231973,-0.00029776631067955173,0.00027069664607231973,0.0,0.0
2022-01-05,998743.713074234,-0.00019761454780808363,-3.59681283407572,0.001256286925766035,-71.9297918167067,0.0
2022-01-06,1002202.9486503142,-0.00014336608120210322,1.063604662349164,0.0,-50.65483124809938,0.0
2022-01-07,999506.3861830062,-0.00010493141973083496,0.5547674318393157,0.002690635136266091,-39.552002712645915,0.0
2022-01-10,999665.5964228438,-7.639102973996413e-05,0.35069770798147737,0.0025317748574653354,-32.53145718270664,0.0
2022-01-11,1013004.2396237105,-5.479548068997654e-05,0.24471365192961794,0.0,-27.63608823450048,0.0
2022-01-12,1017907.2610947723,-3.988820072246191e-05,0.1751677157060608,0.0,-24.131936156364816,0.0
2022-01-13,998739.7027981414,-2.966578925277091e-05,0.1278902319870836,0.018830358156612326,-21.535877484524864,0.0
2022-01-14,1006819.3555384063,-2.1392944710588872e-05,0.1012224148977547,0.010892844545033286,-19.48921563858549,0.0
2022-01-18,1015618.649078247,-1.53313297635823e-05,0.08224117293999812,0.002248350222066207,-17.839588852746125,0.0
2022-01-19,1011953.8703615111,-1.1216394255496074e-05,0.06657727614700114,0.005848657299937304,-16.496121687321118,0.0
2022-01-20,1003438.6148511962,-8.453923135418144e-06,0.05394937324130047,0.01421411045640333,-15.388536923119593,0.0
2022-01-21,989738.4738546599,-6.208635747605125e-06,0.04400593050097955,0.027673235388670305,-14.45294766960771,0.0
2022-01-24,977036.3933670425,-4.596402076601007e-06,0.03596165731830911,0.04015185792443664,-13.653318879351122,0.0
2022-01-25,977253.9646022796,-3.246074283201863e-06,0.0307508726908266,0.039938114252932554,-12.958360275543061,0.0
2022-01-26,979532.5925974196,-2.428525379976593e-06,0.026509830927592404,0.037699572411027095,-12.35271594166156,0.0
2022-01-27,977488.9432485197,-1.753383987042242e-06,0.0227368863768841,0.03970726940564523,-11.818528607632846,0.0
2022-01-28,987689.223573616,-1.4205410002981262e-06,0.020625908819400254,0.029686434782532512,-11.34660915085977,0.0
2022-01-31,1001759.6856052246,-9.362224000499049e-07,0.019630560372007288,0.015863503588903337,-10.922252211793817,0.0
2022-02-01,1002918.4824143676,-7.465209282200387e-07,0.017551668438430337,0.014725092602526507,-10.541285416207712,0.0002341555969402017
2022-02-02,1009436.6908599471,-3.3099520258317197e-07,0.016561498960096777,0.00832155399472731,-10.192997924262215,0.0002038924250275022
2022-02-03,1008385.3304655227,-2.615822494611492e-07,0.014847252153551966,0.009354418612761036,-9.87693102747061,0.0002038924250275022
2022-02-04,993558.8559216614,-2.6202099787849406e-07,0.01197569127906089,0.023920062370833144,-9.589164051877713,0.0002038924250275022
2022-02-07,992933.966274704,-2.6132066069905023e-07,0.010700295522242621,0.0245339588138994,-9.325677212541793,0.0002038924250275022
2022-02-08,992687.3025176926,-6.8593633201572e-08,0.009741939692499015,0.024776283204773795,-9.080876695559546,0.0002038924250275022
2022-02-09,993311.4553887633,-6.795852932385227e-08,0.008876328095960114,0.024163110576061533,-8.854614768467579,0.0002038924250275022
2022-02-10,996243.5583843078,-6.742373999975462e-08,0.008349445003734711,0.021282589817823768,-8.644651555432382,0.0002038924250275022
2022-02-11,986772.0602564391,-6.809756321015132e-08,0.00669725139501219,0.030587463149488497,-8.449122454431842,0.0002038924250275022
2022-02-14,978655.0928505783,-6.873412480225297e-08,0.005257567080798854,0.03856163497839459,-8.266438683326525,0.0002038924250275022
2022-02-15,979718.3738162689,-6.850723909239635e-08,0.004787853306558853,0.03751705949855467,-8.095238343203402,0.0002038924250275022
2022-02-16,994407.1640275954,-6.867802268988533e-08,0.005716996696375737,0.023086677898242102,-7.934365375571542,0.0001791521737033354
2022-02-17,990873.2235979079,0.0,0.0049371652342772255,0.02655844842661686,-7.7821468696853575,0.0001791521737033354
2022-02-18,979699.2373537063,0.0,0.003415042110544197,0.03753585930802063,-7.638416004511026,0.0001791521737033354
2022-02-22,976418.3569597243,0.0,0.0027065417822592585,0.04075902169164809,-7.502408821135138,0.0001791521737033354
2022-02-23,978246.9125169753,0.0,0.0025335323352316808,0.03896263450870931,-7.373454601065679,0.0001791521737033354
2022-02-24,979788.5492678604,-6.793797022646783e-08,0.0023318399894990036,0.037448118589816067,-7.251561900989255,0.0001791521737033354
2022-02-25,957740.5573779067,0.0,-0.00010029580703467169,0.05910823708257612,-7.13499303861739,0.0001791521737033354
2022-02-28,986808.3744021377,0.0,0.0024817736135414195,0.03055178785068033,-7.023895686297794,0.0001791521737033354
2022-03-01,988163.5720644912,0.0,0.002362161820159586,0.029220431140545473,-6.917853283266105,0.0001791521737033354
2022-03-02,986004.2264071426,0.0,0.0019159460427499396,0.0313417890872667,-6.816492479889166,0.0001791521737033354
2022-03-03,989039.2300234756,0.0,0.0019988698153271638,0.028360177959874975,-6.719477527773051,0.00015859994491066115
2022-03-04,997643.815640541,0.0,0.0026420429428068775,0.019906966212656384,-6.62650553660178,0.00015859994491066115
2022-03-07,999006.9642916641,0.0,0.002587514818784899,0.01856779838939421,-6.537302443557472,0.00015859994491066115
2022-03-08,991238.7099886856,0.0,0.0016483444077568094,0.02619939175736337,-6.451619571997788,0.00015859994491066115
2022-03-09,977204.3095370254,0.0,0.00010489502387954204,0.039986895774739156,-6.369230680080897,0.00015859994491066115
2022-03-10,985657.8889437637,0.0,0.0007809996957711376,0.031682033701502396,-6.2899294188726484,0.00015859994491066115
2022-03-11,982439.3232546768,0.0,0.0003198564676893665,0.03484397763500505,-6.21352713435903,0.00015859994491066115
2022-03-14,982705.7045870742,0.0,0.0002097204876804332,0.034582282544913086,-6.1398509596257735,0.00015859994491066115
2022-03-15,986375.5404025039,0.0,0.00044187960647315756,0.030977007334003662,-6.068742152938482,0.00015859994491066115
2022-03-16,1004256.6109438858,0.0,0.0020774649244287065,0.013410504741075385,-6.0000546450779355,0.00015859994491066115
2022-03-17,1010198.8246890029,0.0,0.0025486312811157487,0.007572827801109106,-5.933653765451655,0.00014129920087388039
2022-03-18,1022256.7205325088,0.0,0.0031978022765957325,0.0,-5.869415121517992,0.00014129920087388039
2022-03-21,1028604.8956576309,0.0,0.0030954456478978687,0.0,-5.807223610158287,0.00014129920087388039
2022-03-22,1028283.7817202529,0.0,0.002967205043061183,0.0003121839481160819,-5.7469725429990834,0.00014129920087388039
2022-03-23,1034425.3758364639,0.0,0.002906353706689494,0.0,-5.688562870463546,0.00014129920087388039
2022-03-24,1030925.3514681777,0.0,0.00248053456401882,0.0033835445746445655,-5.6319024916321325,0.00014129920087388039
2022-03-25,1042958.5902529678,0.0,0.0027357127161846385,0.0,-5.576905638906692,0.00014129920087388039
2022-03-28,1047439.105282875,0.0,0.002656535621697712,0.0,-5.52349232807099,0.00014129920087388039
2022-03-29,1049284.3213015518,0.0,0.0025810931994175203,0.0,-5.471587865680892,0.00014129920087388039
2022-03-30,1055571.2477389297,0.0,0.002509143021694197,0.0,-5.42112240684526,0.00014129920087388039
2022-03-31,1058528.723630043,0.0,0.002441911280207666,0.0,-5.372030557410831,0.00012681191513796346
2022-04-01,1052279.892972084,0.0,0.0017859642058727122,0.005903317046069085,-5.324251015370963,0.00012681191513796346
2022-04-04,1060732.6639224014,0.0,0.0023135572268461976,0.0,-5.277726247003763,0.00012681191513796346
2022-04-05,1059866.6370821914,0.0,0.002171877253754441,0.0008164421344465317,-5.232402193829505,0.00012681191513796346
2022-04-06,1059763.4466067275,0.0,0.0021046557112266557,0.0009137243988413011,-5.188228006977013,0.00012681191513796346
2022-04-07,1081848.8068667373,0.0,0.002140928858481107,0.0,-5.145155805977115,0.00012681191513796346
2022-04-08,1103735.149334999,0.0,0.002088086138850599,0.0,-5.103140459369827,0.00012681191513796346
2022-04-11,1115926.2090426406,0.0,0.0020373725355066104,0.0,-5.062139384829419,0.00012681191513796346
2022-04-12,1093136.4103671035,0.0,-5.356197912658652e-05,0.020422316897717282,-5.02211236678624,0.00012681191513796346
2022-04-13,1078982.201352211,0.0,-0.0013687461955052508,0.0331061385520501,-4.983021389761969,0.00012681191513796346
2022-04-14,1071383.2623568496,0.0,-0.002093489061538496,0.039915673926150246,-4.944830485841634,0.00011466864940231437
2022-04-18,1081687.2440005264,0.0,-0.0012134328103316908,0.030682104931909485,-4.907505594885644,0.00011466864940231437
2022-04-19,1070333.090527626,0.0,-0.0022725839662495455,0.040856750334889294,-4.871014436242052,0.00011466864940231437
2022-04-20,1074507.451352211,0.0,-0.0019386682263326455,0.03711603630670443,-4.835326390856491,0.00011466864940231437
2022-04-21,1075347.8150759658,0.0,-0.0019020642043952117,0.03636297242403441,-4.800412392797522,0.00011466864940231437
2022-04-22,1076271.9661379775,0.0,-0.0018565712227731127,0.03553482531670502,-4.76624482932077,0.00011466864940231437
2022-04-25,1049247.8831912002,0.0,-0.004314253297092612,0.05975155463786816,-4.732797448688081,0.00011466864940231437
2022-04-26,1062196.7883273086,0.0,-0.0031886407622336637,0.04814782579703617,-4.700045275039877,0.00011466864940231437
2022-04-27,1047968.1093111953,0.0,-0.004497267723071164,0.060898381255644986,-4.667964529691206,0.00011466864940231437
2022-04-28,1051162.386242958,0.0,-0.00424346196197262,0.05803593667294889,-4.636532558285956,0.00011466864940231437
2022-04-29,1072010.8290530166,0.0,-0.0024055208181747237,0.03935330099227553,-4.605727763300471,0.00010430468221434488
2022-05-02,1045346.5926028213,0.0,-0.004825275964551154,0.06324756589449583,-4.5755295414380734,0.00010430468221434488
2022-05-03,1042724.9334689102,0.0,-0.005089552487683172,0.0655968781632347,-4.545918225500839,0.00010430468221434488
2022-05-04,1042413.5645266494,0.0,-0.005145860815524105,0.06587590104103579,-4.516875030364821,0.00010430468221434488
2022-05-05,1059578.1993075332,0.0,-0.0036352177745582253,0.050494386885534925,-4.488382002720487,0.00010430468221434488
2022-05-06,1047556.4178439102,0.0,-0.004739159527139515,0.06126730481344756,-4.460421974271953,0.00010430468221434488
2022-05-09,1041586.8955660781,0.0,-0.005299926942380243,0.06661669281908758,-4.432978518116954,0.00010430468221434488
2022-05-10,1025831.2175265274,0.0,-0.006736861710166298,0.0807356174503745,-4.406035908055102,0.00010430468221434488
2022-05-11,1038712.7190981826,0.0,-0.005606818101454612,0.06919229006253011,-4.379579080594706,0.00010430468221434488
2022-05-12,1040066.5303469619,0.0,-0.005509068143900648,0.067979117329594,-4.353593599449102,0.00010430468221434488
2022-05-13,1057696.2877322158,0.0,-0.003951221787573682,0.05218079908740613,-4.328065622331825,9.540734696926861e-05
2022-05-16,1059676.783810707,0.0,-0.0037959574795155978,0.05040604367576445,-4.302981869876669,9.540734696926861e-05
2022-05-17,1072752.7403841934,0.0,-0.002645773260336948,0.038688461932878185,-4.278329596523713,9.540734696926861e-05
2022-05-18,1079872.3354922256,0.0,-0.002028736527124837,0.0323084745731941,-4.254096563225883,9.540734696926861e-05
2022-05-19,1060818.0747958145,0.0,-0.0037565945534419674,0.0493833138788843,-4.230271011843016,9.540734696926861e-05
2022-05-20,1055749.7885714492,0.0,-0.004230581127287888,0.053925089296735035,-4.206841641101365,9.540734696926861e-05
2022-05-23,1069056.1064578018,0.0,-0.003057445575706388,0.04200107695745312,-4.183797584006648,9.540734696926861e-05
2022-05-24,1062649.115841957,0.0,-0.003650329625022818,0.047742487602643824,-4.161128386607878,9.540734696926861e-05
2022-05-25,1073084.8122073135,0.0,-0.002733409491162028,0.03839088685987672,-4.1388239880174265,9.540734696926861e-05
2022-05-26,1075736.681881996,0.0,-0.0025135266562540375,0.03601450242406561,-4.1168747016004374,9.540734696926861e-05
2022-05-27,1067741.1462374649,0.0,-0.0032465436089407487,0.04317943463888532,-4.095271197253491,8.775362399528929e-05
2022-05-31,1072435.1483736953,0.0,-0.002842745875204113,0.038973061405428,-4.074004484698727,8.775362399528929e-05
2022-06-01,1053199.194836708,0.0,-0.004582917881891805,0.0562107186816111,-4.05306589772535,8.775362399528929e-05
2022-06-02,1045607.3466616592,0.0,-0.0052792244273042665,0.06301389985392349,-4.032447079315598,8.775362399528929e-05
2022-06-03,1040162.770466896,0.0,-0.005782707272531892,0.06789287496056079,-4.012139967597124,8.775362399528929e-05
2022-06-06,1043400.4991732559,0.0,-0.005507765363080006,0.06499149252136033,-3.9921367825680125,8.775362399528929e-05
2022-06-07,1037116.9905672988,0.0,-0.006085661800005432,0.07062224888772231,-3.972430013544686,8.775362399528929e-05
2022-06-08,1051588.2841921768,0.0,-0.004803323294582711,0.057654282450861814,-3.953012407286626,8.775362399528929e-05
2022-06-09,1054124.1310549697,0.0,-0.004590189634099398,0.0553818679827327,-3.933876956755158,8.775362399528929e-05
2022-06-10,1031977.4509707412,0.0,-0.006588559611494702,0.07522787563518159,-3.915016890466698,8.775362399528929e-05
2022-06-13,1016667.4385806045,0.0,-0.007973296316413163,0.08894743188009786,-3.896425662403585,8.114531559030002e-05
2022-06-14,990265.603657814,0.0,-0.01035233397557968,0.11260655441781549,-3.878096942448367,8.114531559030002e-05
2022-06-15,989196.3505373916,0.0,-0.010460970763458304,0.11356472988834206,-3.8600246073096685,8.114531559030002e-05
2022-06-16,994812.4377337417,0.0,-0.009970226854195111,0.10853206092614592,-3.842202731910098,8.114531559030002e-05
2022-06-17,991588.2478686294,0.0,-0.010271388094980854,0.1114213109849633,-3.824625581208608,8.114531559030002e-05
2022-06-21,1000797.6264544448,0.0,-0.009458078988809385,0.10316863396099035,-3.8072876024316344,8.114531559030002e-05
2022-06-22,1036452.8204623184,0.0,-0.006274647568815981,0.07121742274384157,-3.7901834176890903,8.114531559030002e-05
2022-06-23,1052193.5921755752,0.0,-0.004875520086645308,0.05711185591898769,-3.7733078169528405,8.114531559030002e-05
2022-06-24,1075939.2795229873,0.0,-0.0027588063842503056,0.035832951314906686,-3.7566557513768526,8.114531559030002e-05
2022-06-27,1089235.418149086,0.0,-0.0015782493876626445,0.023918060779711293,-3.7402223269395023,8.114531559030002e-05
2022-06-28,1099394.0280428848,0.0,-0.0006780378504435187,0.01481476182366835,-3.724002798389831,7.538095560240042e-05
2022-06-29,1071981.1082125625,0.0,-0.0031450197831824063,0.03937993433076446,-3.7079925634807456,7.538095560240042e-05
2022-06-30,1082437.7112399063,0.0,-0.002218227673297221,0.030009598781145525,-3.692187157473194,7.538095560240042e-05
2022-07-01,1071977.596249672,0.0,-0.003165600762620978,0.0393830814590084,-3.676582247896392,7.538095560240042e-05
2022-07-05,1087860.6970187149,0.0,-0.0017521042987118077,0.025149971204640263,-3.661173629550143,7.538095560240042e-05
2022-07-06,1091658.1945162734,0.0,-0.0014214146708209474,0.021746970659634254,-3.6459572197360886,7.538095560240042e-05
2022-07-07,1094735.063611122,0.0,-0.0011551035128924139,0.018989737188535572,-3.630929053705661,7.538095560240042e-05
2022-07-08,1095296.7246676406,0.0,-0.0011139917651697263,0.018486423392365836,-3.616085280313119,7.538095560240042e-05
2022-07-11,1097356.1946383438,0.0,-0.0009384717895453374,0.01664089816496755,-3.6014221578628858,7.538095560240042e-05
2022-07-12,1101188.8438998184,0.0,-0.0006038724635459991,0.013206397540806514,-3.586936050140988,7.538095560240042e-05
2022-07-13,1096315.0419741592,0.0,-0.0010487903506272286,0.01757389235019937,-3.572623422621004,7.032491606484331e-05
2022-07-14,1095053.322369667,0.0,-0.0011703573255339695,0.018704540231993118,-3.5584808388355675,7.032491606484331e-05
2022-07-15,1094502.8234072647,0.0,-0.0012280235441067097,0.019197851490337536,-3.544504956904897,7.032491606484331e-05
2022-07-18,1111074.2448855361,0.0,0.00024879648066792253,0.004347925622489877,-3.530692526214429,7.032491606484331e-05
2022-07-19,1085026.4318667373,0.0,-0.0020934057181228663,0.02768980325537153,-3.5170403842340137,7.032491606484331e-05
2022-07-20,1092896.6947756729,0.0,-0.0013959989553273835,0.020637130018413066,-3.5035454534716055,7.032491606484331e-05
2022-07-21,1058915.0217562637,0.0,-0.004448863875545173,0.051088671297797705,-3.490204738554784,7.032491606484331e-05
2022-07-22,1069565.6620455703,0.0,-0.0035020073092339554,0.041544455736767114,-3.477015323433799,7.032491606484331e-05
2022-07-25,1061540.9447146377,0.0,-0.004228538569445195,0.04873553814517929,-3.4639743687002147,7.032491606484331e-05
2022-07-26,1069592.5502139053,0.0,-0.0035143055876507554,0.04152036080278575,-3.4510791090155286,7.032491606484331e-05
2022-07-27,1078937.5077944717,0.0,-0.0026835912998811433,0.03314618919104137,-3.43832685064451,6.585299327940055e-05
2022-07-28,1081923.2382174453,0.0,-0.002423053881181238,0.030470626596687474,-3.425714969088201,6.585299327940055e-05
2022-07-29,1073812.650647255,0.0,-0.003156748060705245,0.0377386587519216,-3.413240906811904,6.585299327940055e-05
2022-08-01,1056310.1585741958,0.0,-0.004731941755443233,0.05342293243528151,-3.4009021710636467,6.585299327940055e-05
2022-08-02,1036957.5664645156,0.0,-0.0064728044823538925,0.07076511147262383,-3.388696331778918,6.585299327940055e-05
2022-08-03,1032843.0266848525,0.0,-0.006848041575708992,0.07445221886944085,-3.3766210195676574,6.585299327940055e-05
2022-08-04,1040451.0010958633,0.0,-0.006172689180870255,0.06763458670939179,-3.36467392377972,6.585299327940055e-05
2022-08-05,1035476.3557558975,0.0,-0.006624773540234077,0.07209244897631856,-3.3528527906452057,6.585299327940055e-05
2022-08-08,1037204.9480257949,0.0,-0.006476059716291208,0.07054342874909365,-3.3411554214862837,6.585299327940055e-05
2022-08-09,1047368.1260882339,0.0,-0.005571401393006267,0.0614360361813019,-3.3295796709972465,6.585299327940055e-05
2022-08-10,1052111.3753024063,0.0,-0.005151930808411168,0.05718553182381251,-3.3181234455897735,6.188896403568657e-05
2022-08-11,1056548.3233309707,0.0,-0.0047602026112651555,0.0532095090432642,-3.306784701800477,6.188896403568657e-05
2022-08-12,1054671.0696078262,0.0,-0.004934200770927592,0.05489174726648421,-3.295561444757989,6.188896403568657e-05
2022-08-15,1069425.2698718032,0.0,-0.0036177293432680837,0.04167026349415238,-3.2844517267069744,6.188896403568657e-05
2022-08-16,1068359.1281176528,0.0,-0.003718849922155513,0.042625650817714786,-3.2734536455865837,6.188896403568657e-05
2022-08-17,1065564.9870425186,0.0,-0.003974726501837837,0.04512952701713785,-3.2625653436609934,6.188896403568657e-05
2022-08-18,1062371.1767855606,0.0,-0.004266327363822876,0.04799155340479479,-3.25178500619979,6.188896403568657e-05
2022-08-19,1062179.0076800308,0.0,-0.0042888575297387035,0.04816375933021583,-3.241110860206061,6.188896403568657e-05
2022-08-22,1064051.8588915786,0.0,-0.004126251172681603,0.046485466270718125,-3.2305411731901854,6.188896403568657e-05
2022-08-23,1047917.8141528091,0.0,-0.005577187994459014,0.06094345158196107,-3.220074251987372,6.188896403568657e-05
2022-08-24,1033931.8653155288,0.0,-0.00683519388899151,0.07347649249806153,-3.2097084416171313,5.835157697400161e-05
2022-08-25,1028951.5643206558,0.0,-0.007286461575110239,0.07793942289123301,-3.199442124182922,5.835157697400161e-05
2022-08-26,1037553.5471011123,0.0,-0.006520519172172482,0.07023104333105024,-3.189273717810323,5.835157697400161e-05
2022-08-29,1017477.0042162857,0.0,-0.008324429715826668,0.08822196667539076,-3.179201675622127,5.835157697400161e-05
2022-08-30,1006033.2030306777,0.0,-0.00935467030222014,0.09847694688185585,-3.16922448474887,5.835157697400161e-05
2022-08-31,1000952.5604220352,0.0,-0.009814623694998055,0.1030297950607702,-3.159340665373343,5.835157697400161e-05
2022-09-01,990063.0560046157,0.0,-0.010795046452624104,0.11278806073208336,-3.1495487698077103,5.835157697400161e-05
2022-09-02,1014144.4170580825,0.0,-0.008641601082200773,0.09120835334791293,-3.139847381601952,5.835157697400161e-05
2022-09-06,999614.0800600967,0.0,-0.009948144764869387,0.10422922953151963,-3.1302351146823524,5.835157697400161e-05
2022-09-07,1002156.2391711196,0.0,-0.009724725904819778,0.10195115855297,-3.12071061251886,5.835157697400161e-05
2022-09-08,1014549.7946444473,0.0,-0.008618124390591597,0.09084508776361186,-3.111272547320184,5.5188741642129194e-05
2022-09-09,1030808.2306567153,0.0,-0.007165435807664151,0.07627563336732496,-3.1019196192555327,5.5188741642129194e-05
2022-09-12,1037479.3551379165,0.0,-0.00657181849456938,0.07029752798083676,-3.0926505557019626,5.5188741642129194e-05
2022-09-13,1044759.4674273452,0.0,-0.0059235664659197055,0.06377369851036097,-3.0834641105163505,5.5188741642129194e-05
2022-09-14,1015292.2699938735,0.0,-0.008568240842708602,0.09017974327809856,-3.074359063331041,5.5188741642129194e-05
2022-09-15,1024671.4939852676,0.0,-0.007731763147904667,0.08177486496679828,-3.0653342188722537,5.5188741642129194e-05
2022-09-16,1034390.8882800064,0.0,-0.0068647436855652205,0.07306515439993463,-3.0563884063004045,5.5188741642129194e-05
2022-09-19,1044883.5666857681,0.0,-0.005928371598206636,0.06366249110487372,-3.0475204785715055,5.5188741642129194e-05
2022-09-20,1037389.25983152,0.0,-0.006603786924576296,0.07037826388045666,-3.038729311818834,5.5188741642129194e-05
2022-09-21,1025781.6813479385,0.0,-0.007647744285159521,0.08078000764229532,-3.0300138047541494,5.5188741642129194e-05
2022-09-22,1008981.5388613663,0.0,-0.009156676421505814,0.09583489420238882,-3.021372878087703,5.233334589254607e-05
2022-09-23,1031747.2471667251,0.0,-0.007120279637050275,0.07543416508528206,-3.0128054739663592,5.233334589254607e-05
2022-09-26,1024824.6512957534,0.0,-0.00774424922357952,0.08163761815850148,-3.0043105554291616,5.233334589254607e-05
2022-09-27,1014755.4904299697,0.0,-0.008650136892687557,0.09066076035571011,-2.9958871058797074,5.233334589254607e-05
2022-09-28,1016928.6544161758,0.0,-0.008458919672712681,0.08871335203372936,-2.9875341285747172,5.233334589254607e-05
2022-09-29,1126526.4665423355,0.0,0.0004089407877352631,0.0,-2.979250646128227,5.233334589254607e-05
2022-09-30,1105820.0053988418,0.0,-0.0014325663375033425,0.018380803077843615,-2.9710357000308214,5.233334589254607e-05
2022-10-03,1085278.748555275,0.0,-0.0032593615293687976,0.036614956871508564,-2.962888350183395,5.233334589254607e-05
2022-10-04,1099169.8066607437,0.0,-0.002029607640512979,0.024284080928482756,-2.954807674444904,5.233334589254607e-05
2022-10-05,1116365.6926394424,0.0,-0.0005064440971527385,0.009019560751270835,-2.946792768193632,5.233334589254607e-05
2022-10-06,1112588.240338417,0.0,-0.0008447488188000812,0.012372746329430914,-2.9388427439014833,4.975400464432977e-05
2022-10-07,1101062.5976000747,0.0,-0.0018710627304005505,0.022603879889673054,-2.9309567307208595,4.975400464432977e-05
2022-10-10,1092563.0106326065,0.0,-0.002628715655548421,0.03014883086943669,-2.923133874083666,4.975400464432977e-05
2022-10-11,1101474.3156863174,0.0,-0.0018407888775387592,0.022238404156549475,-2.9153733353120534,4.975400464432977e-05
2022-10-12,1111394.4006625137,0.0,-0.000963273118590441,0.013432499217055107,-2.9076742912404634,4.975400464432977e-05
2022-10-13,1104007.996564003,0.0,-0.0016219870409303688,0.019989295100583653,-2.900035933848615,4.975400464432977e-05
2022-10-14,1145245.4032946548,0.0,0.00037394779671401607,0.0,-2.892457469905046,4.975400464432977e-05
2022-10-17,1137210.048756691,0.0,-0.000330635248169765,0.007016273119147799,-2.884938120620857,4.975400464432977e-05
2022-10-18,1156416.1733065567,0.0,0.0003680745649124707,0.0,-2.877477121313319,4.975400464432977e-05
2022-10-19,1160170.3630648574,0.0,0.00036519461125158705,0.0,-2.8700737210789984,4.975400464432977e-05
2022-10-20,1142683.0156680068,0.0,-0.0011447217002215088,0.015073085775656022,-2.862727182476108,4.74005280042466e-05
2022-10-21,1138396.0766879043,0.0,-0.0015170380046326494,0.01876818014850106,-2.8554367812157504,4.74005280042466e-05
2022-10-24,1168237.213131996,0.0,0.00035700871489778655,0.0,-2.848201805861786,4.74005280042466e-05
2022-10-25,1194862.9859591445,0.0,0.00035427236333782444,0.0,-2.841021557539021,4.74005280042466e-05
2022-10-26,1192469.8656893692,0.0,0.00015128626744514802,0.002002840742325261,-2.833895349649459,4.74005280042466e-05
2022-10-27,1211210.2042971572,0.0,0.00034890204985509125,0.0,-2.826822507596349,4.74005280042466e-05
2022-10-28,1216969.1698428115,0.0,0.0003462669012286737,0.0,-2.819802368515767,4.74005280042466e-05
2022-10-31,1214941.738095375,0.0,0.00017706751781608048,0.0016659680439549626,-2.812834281015527,4.74005280042466e-05
2022-11-01,1212887.8599673233,0.0,5.727008322374768e-06,0.003353667435975752,-2.8059176049211194,4.74005280042466e-05
2022-11-02,1203013.0252505264,0.0,-0.0008082406047663054,0.011467952465950955,-2.799051711028535,4.74005280042466e-05
2022-11-03,1193129.6813021621,0.0,-0.0016226622432576412,0.019589229646408066,-2.792235980863682,4.5257868594866236e-05
2022-11-04,1192070.9192782363,0.0,-0.0017121399359155927,0.02045922869828424,-2.7854698064482357,4.5257868594866236e-05
2022-11-07,1198376.849133583,0.0,-0.0011964210665405214,0.015277560985074068,-2.7787525900717083,4.5257868594866236e-05
2022-11-08,1213217.2893496475,0.0,2.061942683695577e-05,0.003082970864125235,-2.772083744069529,4.5257868594866236e-05
2022-11-09,1223124.141156288,0.0,0.0003265268862687871,0.0,-2.7654626906069635,4.5257868594866236e-05
2022-11-10,1216468.3096285781,0.0,-0.00022000080526518115,0.005441664753193269,-2.758888861468691,4.5257868594866236e-05
2022-11-11,1233664.8648196182,0.0,0.0003218323938821173,0.0,-2.7523616978538588,4.5257868594866236e-05
2022-11-14,1214260.17994413,0.0,-0.0012534034124956188,0.0157293000950672,-2.745880650176447,4.5257868594866236e-05
2022-11-15,1241738.3655825576,0.0,0.00031724782842325225,0.0,-2.7394451778707922,4.5257868594866236e-05
2022-11-16,1242314.820202919,0.0,0.0003149956465757682,0.0,-2.733054749202087,4.5257868594866236e-05
2022-11-17,1241220.200619789,0.0,0.00022485396766528884,0.000881112875197841,-2.7267088410817477,4.330150831897906e-05
2022-11-18,1255977.787060829,0.0,0.00031076495888258265,0.0,-2.720406938887458,4.330150831897906e-05
2022-11-21,1273454.5285006484,0.0,0.00030858997915202005,0.0,-2.7141485362877797,4.330150831897906e-05
2022-11-22,1283965.2529116592,0.0,0.0003064399099978591,0.0,-2.7079331350711846,4.330150831897906e-05
2022-11-23,1303319.2140932998,0.0,0.00030431435375870714,0.0,-2.7017602449793725,4.330150831897906e-05
2022-11-25,1297858.5848513565,0.0,-0.00011676572860573838,0.004189786495046986,-2.6956293835447553,4.330150831897906e-05
2022-11-28,1303835.2599764785,0.0,0.0003001352298066988,0.0,-2.6895400759319834,4.330150831897906e-05
2022-11-29,1288954.1031008682,0.0,-0.0008432562954561909,0.011413372020541008,-2.6834918547833873,4.330150831897906e-05
2022-11-30,1289644.215527626,0.0,-0.0007923581982105767,0.010884077831357735,-2.6774842600682454,4.330150831897906e-05
2022-12-01,1320471.7532320938,0.0,0.00029404090579441416,0.0,-2.671516838935719,4.330150831897906e-05
2022-12-02,1315950.3967104873,0.0,-5.0170786127312785e-05,0.003424046376258793,-2.6655891455714147,4.150816716655072e-05
2022-12-05,1318606.4157381973,0.0,0.00014900644827802253,0.001412629607055761,-2.6597007410574096,4.150816716655072e-05
2022-12-06,1311540.8775301895,0.0,-0.00038801320192916283,0.006763397762992174,-2.6538511932356754,4.150816716655072e-05
2022-12-07,1304179.8703738174,0.0,-0.0009473875898676979,0.01233792606195402,-2.6480400765747882,4.150816716655072e-05
2022-12-08,1314892.3327456436,0.0,-0.0001380279518161263,0.004225323618467077,-2.6422669720398435,4.150816716655072e-05
2022-12-09,1316275.35622892,0.0,-3.517085039481406e-05,0.003177952873965222,-2.6365314669654762,4.150816716655072e-05
2022-12-12,1294208.6166048965,0.0,-0.0017081559596818382,0.019889207446439867,-2.6308331549319,4.150816716655072e-05
2022-12-13,1307346.5691348037,0.0,-0.0007150517446774787,0.00993976892361671,-2.6251716356438832,4.150816716655072e-05
2022-12-14,1316171.6144991836,0.0,-4.8546476703361605e-05,0.0032565170155172104,-2.619546514812583,4.150816716655072e-05
2022-12-15,1320288.8807803115,0.0,0.00026145569777146236,0.00013849024133580527,-2.613957404040149,4.150816716655072e-05
2022-12-16,1299524.781781288,0.0,-0.0013126357341535207,0.01586324841825216,-2.6084039207070253,3.9850589844880776e-05
2022-12-19,1292688.6995058975,0.0,-0.001832098259227385,0.021040248424998288,-2.6028856878618867,3.9850589844880776e-05
2022-12-20,1295676.8004122695,0.0,-0.0016075518069695296,0.018777344353738793,-2.59740233411411,3.9850589844880776e-05
2022-12-21,1298560.8691988906,0.0,-0.0013908654635034596,0.016593224337871876,-2.5919534935287456,3.9850589844880776e-05
2022-12-22,1308699.1224642715,0.0,-0.0006247979969568103,0.008915473382150447,-2.586538805523891,3.9850589844880776e-05
2022-12-23,1304268.145505043,0.0,-0.0009620480067522995,0.012271074854414353,-2.5811579147704187,3.9850589844880776e-05
2022-12-27,1305049.7520876846,0.0,-0.0009045288950750771,0.011679160199119019,-2.5758104710939924,3.9850589844880776e-05
2022-12-28,1300585.4700747451,0.0,-0.0012442663491090222,0.015059983758587303,-2.5704961293793085,3.9850589844880776e-05
2022-12-29,1292694.577282997,0.0,-0.0018434857792832566,0.021035797154393503,-2.565214549476497,3.9850589844880776e-05
2022-12-30,1294702.0788241348,0.0,-0.0016930779894999907,0.01951550598858555,-2.559965396109636,3.9850589844880776e-05
2023-01-03,1294061.4549990615,0.0,-0.0017430445536982238,0.020000653681828663,-2.5547483387873164,3.832051631325805e-05
2023-01-04,1291617.5463381729,0.0,-0.001929711516762974,0.021851438187371296,-2.549563051715207,3.832051631325805e-05
2023-01-05,1297255.410260292,0.0,-0.0015043256570695586,0.01758185505670648,-2.5444092137105585,3.832051631325805e-05
2023-01-06,1305295.8112917861,0.0,-0.0008969786028009989,0.011492818307670535,-2.539286508118611,3.832051631325805e-05
2023-01-09,1328408.6814394912,0.0,0.00025076221775732695,0.0,-2.534194622730838,3.832051631325805e-05
2023-01-10,1288688.580609413,0.0,-0.0027408146838818373,0.029900512835429983,-2.529133249704988,3.832051631325805e-05
2023-01-11,1294009.5448580703,0.0,-0.0023417733721616822,0.02589499531435257,-2.52410208548689,3.832051631325805e-05
2023-01-12,1293426.761670204,0.0,-0.002387139620731467,0.02633370306747768,-2.5191008307339375,3.832051631325805e-05
2023-01-13,1291711.975293251,0.0,-0.00251770608877344,0.027624560618254107,-2.5141291902402716,3.832051631325805e-05
2023-01-17,1297534.8962527236,0.0,-0.0020808341758593485,0.02324117993064612,-2.50918687286354,3.832051631325805e-05
2023-01-18,1288736.4463931045,0.0,-0.0027444743485607326,0.029864480412305845,-2.5042735914532703,3.690377843621892e-05
2023-01-19,1263763.212048622,0.0,-0.004625848084437846,0.04866384140219407,-2.4993890627807667,3.690377843621892e-05
2023-01-20,1263755.2311831436,0.0,-0.00462787253644901,0.048669849241189715,-2.494533007470495,3.690377843621892e-05
2023-01-23,1273206.2074404678,0.0,-0.003917831469564521,0.04155533968598044,-2.489705149932952,3.690377843621892e-05
2023-01-24,1277891.3112612686,0.0,-0.0035665423384667306,0.038028485423236606,-2.484905218298941,3.690377843621892e-05
2023-01-25,1269014.7170229873,0.0,-0.00423613782670171,0.04471061146043052,-2.480132944355242,3.690377843621892e-05
2023-01-26,1270181.9879427871,0.0,-0.004149637614847397,0.04383191280683927,-2.4753880634816388,3.690377843621892e-05
2023-01-27,1260302.3756228408,0.0,-0.004894712051497969,0.05126909118272924,-2.4706703145892672,3.690377843621892e-05
2023-01-30,1247905.4045229873,0.0,-0.005829275438661929,0.06060128787269659,-2.46597944006024,3.690377843621892e-05
2023-01-31,1244601.7863741836,0.0,-0.006079296341059321,0.06308818681799996,-2.4613151856885542,3.690377843621892e-05
2023-02-01,1262558.472836586,0.0,-0.004728739115113219,0.049570745451278306,-2.4566773006221894,3.558823303632154e-05
2023-02-02,1258387.7234316787,0.0,-0.0050440110373434766,0.05271040379827715,-2.452065537306432,3.558823303632154e-05
2023-02-03,1231704.7255679092,0.0,-0.0070539486524205915,0.07279684123020908,-2.447479651428353,3.558823303632154e-05
2023-02-06,1225273.808911415,0.0,-0.00753933726033859,0.07763790915331649,-2.442919401862419,3.558823303632154e-05
2023-02-07,1235879.4491549453,0.0,-0.006742235380729516,0.06965419119685314,-2.4383845506172306,3.558823303632154e-05
2023-02-08,1248114.2529574356,0.0,-0.005822481518367909,0.060444070867593964,-2.433874862783328,3.558823303632154e-05
2023-02-09,1243998.6292696914,0.0,-0.0061335441738351515,0.06354223165594741,-2.4293901064820638,3.558823303632154e-05
2023-02-10,1256802.5568514785,0.0,-0.005170924750817702,0.05390368610841869,-2.4249300528155078,3.558823303632154e-05
2023-02-13,1273517.122861,0.0,-0.003913908838965625,0.0413212886556941,-2.4204944758173594,3.558823303632154e-05
2023-02-14,1287751.4342165908,0.0,-0.0028435904785551586,0.030605978258771507,-2.416083152404847,3.558823303632154e-05
2023-02-15,1279178.3744936904,0.0,-0.0034900327830453804,0.03705960946630806,-2.411695862331581,3.436340077862804e-05
2023-02-16,1257568.6379672012,0.0,-0.005117962157607082,0.05332699527040601,-2.4073323881413535,3.436340077862804e-05
2023-02-17,1238713.0403109512,0.0,-0.006538554624415521,0.06752111935262571,-2.4029925151228553,3.436340077862804e-05
2023-02-21,1266406.4919558486,0.0,-0.004455015360527595,0.04667403213328576,-2.3986760312652784,3.436340077862804e-05
2023-02-22,1257985.4048739395,0.0,-0.005090097269301404,0.0530132613174732,-2.394382727214803,3.436340077862804e-05
2023-02-23,1255780.2780734024,0.0,-0.005257243543093834,0.054673237521594045,-2.390112396231934,3.436340077862804e-05
2023-02-24,1265575.8675204238,0.0,-0.004520989227606683,0.04729930991641852,-2.3858648341496735,3.436340077862804e-05
2023-02-27,1261420.9630557022,0.0,-0.004834890649542207,0.050427040503228104,-2.3816398393325042,3.436340077862804e-05
2023-02-28,1261855.340527626,0.0,-0.004803309971485227,0.05010004966223697,-2.3774372126361776,3.436340077862804e-05
2023-03-01,1246538.5919466934,0.0,-0.005957433333831485,0.06163019757148961,-2.373256757368271,3.436340077862804e-05
2023-03-02,1254961.5944491348,0.0,-0.005324350765628485,0.05528952649629454,-2.3690982792495108,3.322021937031791e-05
2023-03-03,1250133.977459999,0.0,-0.0056888535659444074,0.05892366187690982,-2.3649615863758386,3.322021937031791e-05
2023-03-06,1255698.156064125,0.0,-0.00527107289814892,0.05473505735943819,-2.3608464891812,3.322021937031791e-05
2023-03-07,1274178.7998476943,0.0,-0.003880956702752874,0.040823191198232946,-2.356752800401051,3.322021937031791e-05
2023-03-08,1262312.430874916,0.0,-0.004775294855127728,0.04975596101416013,-2.3526803350365446,3.322021937031791e-05
2023-03-09,1236932.7340823135,0.0,-0.006686880682345049,0.06886129896264491,-2.348628910319415,3.322021937031791e-05
2023-03-10,1222855.3891573867,0.0,-0.007747638600771817,0.07945844810930079,-2.3445983456775092,3.322021937031791e-05
2023-03-13,1226331.0326662979,0.0,-0.007487033057811332,0.07684205184701134,-2.3405884627009725,3.322021937031791e-05
2023-03-14,1225022.3637820205,0.0,-0.0075865723538303086,0.07782719211488376,-2.3365990851090706,3.322021937031791e-05
2023-03-15,1244251.464795204,0.0,-0.006140059905510275,0.0633519020314536,-2.332630038717628,3.322021937031791e-05
2023-03-16,1248044.436093422,0.0,-0.005855433476910017,0.06049662763343655,-2.3286811514070793,3.215079093805689e-05
2023-03-17,1253380.4670687637,0.0,-0.005454746980897916,0.05647976817602954,-2.3247522530911024,3.215079093805689e-05
2023-03-20,1232162.5182162246,0.0,-0.007052983599200501,0.07245222390369525,-2.320843175685846,3.215079093805689e-05
2023-03-21,1251494.205182167,0.0,-0.00559871486150177,0.0578997091271476,-2.31695375307971,3.215079093805689e-05
2023-03-22,1249460.6124087295,0.0,-0.005752774268306559,0.05943055788013366,-2.3130838211036977,3.215079093805689e-05
2023-03-23,1229812.1722537002,0.0,-0.0072328367234870275,0.07422151824463372,-2.3092332175022947,3.215079093805689e-05
2023-03-24,1238063.5056124649,0.0,-0.0066126509325918235,0.06801007633368254,-2.30540178190489,3.215079093805689e-05
2023-03-27,1253861.2986575088,0.0,-0.0054243745324397,0.056117807587045675,-2.3015893557977165,3.215079093805689e-05
2023-03-28,1262990.2816287002,0.0,-0.004738105240229202,0.04924568826206577,-2.297795782496293,3.215079093805689e-05
2023-03-29,1258296.2761202774,0.0,-0.005092395664263249,0.05277924354065393,-2.294020907118374,3.215079093805689e-05
2023-03-30,1259336.2780734024,0.0,-0.005014933337414079,0.051996350468923896,-2.2902645765573815,3.114818571311761e-05
2023-03-31,1265414.1927615127,0.0,-0.004558319513901881,0.04742101550384056,-2.2865266394563117,3.114818571311761e-05
2023-04-03,1275032.3168459854,0.0,-0.0038351981891405064,0.04018068034278888,-2.282806946182118,3.114818571311761e-05
2023-04-04,1289004.5215578994,0.0,-0.002784302818119391,0.029662678686270427,-2.2791053488005386,3.114818571311761e-05
2023-04-05,1284573.2766848525,0.0,-0.003118775722346545,0.03299843291233065,-2.275421701051382,3.114818571311761e-05
2023-04-06,1313107.0027438125,0.0,-0.0009717030417359629,0.011518803595214008,-2.271755858324247,3.114818571311761e-05
2023-04-10,1320573.240918251,0.0,-0.0004105423781103778,0.005898365940178582,-2.268107677634671,3.114818571311761e-05
2023-04-11,1316361.2445651016,0.0,-0.000728489234952372,0.009069074180797129,-2.264477017600698,3.114818571311761e-05
2023-04-12,1317060.5496188125,0.0,-0.0006767159647815616,0.00854265105252221,-2.2608637384198587,3.114818571311761e-05
2023-04-13,1328345.9622927627,0.0,0.00017196563574533154,4.7213743484837704e-05,-2.257267701846556,3.114818571311761e-05
2023-04-14,1346838.2884341201,0.0,0.0001786360223268779,0.0,-2.2536887711698452,3.1051150866659297e-06
2023-04-17,1340721.0999880752,0.0,-0.00027640033237544964,0.00454188784100946,-2.250126811191591,3.0954718721110666e-06
2023-04-18,1343242.5957003555,0.0,-9.002530214807047e-05,0.0026697286264003696,-2.246581688205016,3.0858883678630446e-06
2023-04-19,1340268.485196205,0.0,-0.0003116812354524601,0.004877945106203741,-2.2430532699736156,3.0763640210486524e-06
2023-04-20,1339101.1374636611,0.0,-0.0003991821790579715,0.00574467702388715,-2.2395414257104296,3.0668982855992723e-06
2023-04-21,1338187.0078860244,0.0,-0.0004678757282737318,0.006423399618490187,-2.2360460260576795,3.0574906221465134e-06
2023-04-24,1350409.799512001,0.0,0.00017364933549671494,0.0,-2.2325669430667494,3.048140497919766e-06
2023-04-25,1356330.8637667617,0.0,0.00017284075967340643,0.0,-2.229104050178508,3.03884738664562e-06
2023-04-26,1348161.0995913467,0.0,-0.0004303045741962757,0.006023430118464025,-2.2256572222039686,3.029610768449129e-06
2023-04-27,1331954.029324623,0.0,-0.0016260208212103295,0.01797263123132069,-2.2222263353052742,3.020430129756859e-06
2023-04-28,1313994.5475741348,0.0,-0.0029509333083803675,0.031213855942975297,-2.2188112669770046,3.011304963201702e-06
2023-05-01,1334379.2423068008,0.0,-0.0014487879130882387,0.0161845623707165,-2.2154118960278013,3.002234767529408e-06
2023-05-02,1353879.3535281143,0.0,-1.1855387308539045e-05,0.0018074573867907125,-2.2120281025622957,2.993219047506797e-06
2023-05-03,1353781.8848238906,0.0,-1.9813638569119726e-05,0.0018793194278512143,-2.208659767963348,2.984257313831627e-06
2023-05-04,1351395.7392245254,0.0,-0.0001965063366969007,0.0036385845622731367,-2.2053067748745736,2.97534908304407e-06
2023-05-05,1345533.087567421,0.0,-0.0006295101959757581,0.007961019311581215,-2.2019690071831715,2.9664938774397723e-06
2023-05-08,1354356.5822573623,0.0,2.0276625094137754e-05,0.0014556046479075897,-2.1986463500030236,2.957691224984461e-06
2023-05-09,1351700.945706459,0.0,-0.00017626797096898672,0.0034135609414982,-2.1953386896580884,2.9489406592300694e-06
2023-05-10,1344988.2081118545,0.0,-0.0006719302042171643,0.008362749796466874,-2.1920459136660595,2.9402417192323404e-06
2023-05-11,1345308.2970400772,0.0,-0.0006490683719690592,0.008126753597623684,-2.1887679107222944,2.9315939494698924e-06
2023-05-12,1340685.1227084121,0.0,-0.000990659547884867,0.011535342501090569,-2.185504570684011,2.9229968997647023e-06
2023-05-15,1338937.1662875137,0.0,-0.0011202602842237785,0.012824081456749268,-2.1822557845547377,2.9144501252039867e-06
2023-05-16,1336536.9341708145,0.0,-0.001297946825449566,0.014593732344168704,-2.1790214444690195,2.9059531860634504e-06
2023-05-17,1321288.113675209,0.0,-0.00242293290805845,0.025836431970760475,-2.175801443677372,2.8975056477318704e-06
2023-05-18,1313296.7964907608,0.0,-0.0030128301649501,0.031728296115365276,-2.1725956765314822,2.8891070806369953e-06
2023-05-19,1308818.282590004,0.0,-0.0033437291035238615,0.035030229309098875,-2.1694040384696414,2.8807570601727266e-06
2023-05-22,1324192.4445010147,0.0,-0.002210918378047886,0.02369511755892158,-2.1662264260024227,2.87245516662756e-06
2023-05-23,1316757.5930300674,0.0,-0.0027597728414032914,0.029176708864968703,-2.163062736698581,2.8642009851142627e-06
2023-05-24,1300010.2020083389,0.0,-0.003995220163964112,0.04152427940923705,-2.159912869171178,2.855994105500755e-06
2023-05-25,1296105.0523959121,0.0,-0.004283825550908586,0.044403480728582904,-2.156776723063939,2.8478341223421814e-06
2023-05-26,1277696.6927157363,0.0,-0.005641723331762533,0.057975655610051455,-2.1536541990378173,2.8397206348141407e-06
2023-05-30,1270832.704968544,0.0,-0.006148469017926229,0.06303635866603731,-2.150545198757774,2.831653246647055e-06
2023-05-31,1258673.5207491836,0.0,-0.007045615797234143,0.07200112127977908,-2.1474496248797665,2.823631566061653e-06
2023-06-01,1265846.6383410415,0.0,-0.006517419570776903,0.06671250197347137,-2.1443673810379504,2.8156552057055463e-06
2023-06-02,1264135.5123797378,0.0,-0.006644238956976533,0.06797408644892275,-2.1412983718320704,2.807723782590883e-06
2023-06-05,1278052.5950289688,0.0,-0.005618812013144914,0.057713254803035956,-2.1382425028150607,2.7998369180330433e-06
2023-06-06,1283308.7914401016,0.0,-0.005231933016336601,0.05383794933624487,-2.1351996804808278,2.7919942375903738e-06
2023-06-07,1261534.1968737564,0.0,-0.006837984282814005,0.06989199274706386,-2.132169812252238,2.7841953710049257e-06
2023-06-08,1263795.4161883316,0.0,-0.0066719107215859825,0.06822483366738664,-2.12915280646928,2.7764399521441878e-06
2023-06-09,1280053.0294466934,0.0,-0.005473901973609552,0.05623836805440807,-2.126148572377417,2.7687276189437873e-06
2023-06-12,1283359.215413185,0.0,-0.005230775751387184,0.053800772586507374,-2.1231570201161194,2.7610580133511453e-06
2023-06-13,1283656.8716937026,0.0,-0.005209458932912433,0.05358131560261855,-2.1201780607075684,2.753430781270065e-06
2023-06-14,1274861.3158770523,0.0,-0.005858564991811361,0.060066131403553456,-2.1172116060455437,2.7458455725062353e-06
2023-06-15,1260800.0165377578,0.0,-0.006895901131799618,0.07043329159649031,-2.114257568884474,2.7383020407136357e-06
2023-06-16,1260884.3154345474,0.0,-0.006890301720552644,0.07037113943359148,-2.1113158628286572,2.7307998433418177e-06
2023-06-20,1267175.2370577774,0.0,-0.006427094150554091,0.06573294842040535,-2.108386402321645,2.723338641584053e-06
2023-06-21,1264955.5465899429,0.0,-0.0065913555052998455,0.0673694889778251,-2.1054691026357912,2.715918100326331e-06
2023-06-22,1267758.6845980606,0.0,-0.006385287948442041,0.06530278233345008,-2.1025638798619557,2.7085378880971833e-06
2023-06-23,1281283.8565875015,0.0,-0.005388698656101257,0.055330899844630785,-2.099670650899365,2.701197677018329e-06
2023-06-26,1270058.53931913,0.0,-0.006216917318676052,0.06360713801648582,-2.096789333445629,2.6938971427561173e-06
2023-06-27,1256411.537388893,0.0,-0.00722367865841495,0.07366884367754906,-2.093919845986901,2.686635964473756e-06
2023-06-28,1253210.2655611953,0.0,-0.007460289802481405,0.07602908771034152,-2.0910621077881966,2.6794138247843105e-06
2023-06-29,1249970.4721957168,0.0,-0.0076997370805162,0.07841773302692825,-2.0882160388838447,2.6722304097044596e-06
2023-06-30,1254907.2847033462,0.0,-0.007336332963360998,0.07477790395607822,-2.085381560068091,2.665085408608993e-06
2023-07-03,1271278.79889402,0.0,-0.006129863548322842,0.06270746109584031,-2.0825585928858388,2.657978514186036e-06
2023-07-05,1267514.4757128677,0.0,-0.0064079717727349465,0.06548283344908618,-2.0797470596235206,2.6509094223929877e-06
2023-07-06,1271726.5076800308,0.0,-0.0060979928632184065,0.06237737291605255,-2.076946883300119,2.6438778324131656e-06
2023-07-07,1260046.397824379,0.0,-0.006959711109811453,0.07098892203557505,-2.0741579876583045,2.6368834466131307e-06
2023-07-10,1229659.3275042495,0.0,-0.009200658406193205,0.09339279938725555,-2.0713802971557165,2.629925970500695e-06
2023-07-11,1239852.287617775,0.0,-0.008449704373833416,0.08587770083289706,-2.0686137369563653,2.623005112683588e-06
2023-07-12,1234282.3524752578,0.0,-0.00886091847083799,0.08998432060489607,-2.0658582329221633,2.6161205848287755e-06
2023-07-13,1223941.1660586318,0.0,-0.009623905254006318,0.09760870392675512,-2.063113711604576,2.6092721016224172e-06
2023-07-14,1218946.4315157852,0.0,-0.009992703471810367,0.10129123794281036,-2.0603801002364013,2.602459380730453e-06
2023-07-17,1231496.3833514175,0.0,-0.009067957784459008,0.09203836891881796,-2.05765732672366,2.5956821427598006e-06
2023-07-18,1219031.4072695693,0.0,-0.009987517214168845,0.10122858674460036,-2.0549453196376137,2.588940111220165e-06
2023-07-19,1222716.4643450698,0.0,-0.009716358247939887,0.09851165596174813,-2.0522440082068902,2.5822330124864336e-06
2023-07-20,1226489.2278033218,0.0,-0.009438729334573499,0.09573006073374134,-2.049553322309726,2.575560575761663e-06
2023-07-21,1247940.2555209121,0.0,-0.007857708173507632,0.07991457773424873,-2.046873192466315,2.5689225330406275e-06
2023-07-24,1264035.7666598281,0.0,-0.006671536829656471,0.0680476272954627,-2.044203549831281,2.562318619073942e-06
2023-07-25,1255011.3622714004,0.0,-0.007337411323659823,0.074701169310547,-2.0415443261862407,2.555748571332727e-06
2023-07-26,1236445.3671694717,0.0,-0.008706767923015642,0.08838956614490627,-2.038895453932481,2.5492121299738197e-06
2023-07-27,1228951.5727206192,0.0,-0.009259786390475288,0.0939146151200811,-2.036256866083749,2.542709037805519e-06
2023-07-28,1234879.3280611953,0.0,-0.00882325318434743,0.08954418051674708,-2.033628496259123,2.536239040253851e-06
2023-07-31,1248413.052258583,0.0,-0.007825941363875702,0.07956599262843034,-2.0310102786760056,2.5298018853293487e-06
2023-08-01,1252771.1040163955,0.0,-0.007505133228344644,0.07635287415252288,-2.0284021481432055,2.523397323594338e-06
2023-08-02,1242195.9749117813,0.0,-0.008285320247554996,0.08414973949498461,-2.02580404005412,2.5170251081307156e-06
2023-08-03,1249268.2218295059,0.0,-0.0077643926293037915,0.0789354904451003,-2.023215890380006,2.51068499450822e-06
2023-08-04,1243824.0600253067,0.0,-0.008166275666241141,0.08294937964399375,-2.02063763566336,2.5043767407531745e-06
2023-08-07,1238225.0781985244,0.0,-0.008579570182329977,0.08707741504918455,-2.0180692130113758,2.498100107317703e-06
2023-08-08,1253266.3843356094,0.0,-0.0074710877673005455,0.0759877122790856,-2.0155105600895014,2.4918548570494085e-06
2023-08-09,1256595.5951968154,0.0,-0.007226115409598981,0.07353314094244266,-2.0129616151150853,2.4856407551615047e-06
2023-08-10,1254541.8979159317,0.0,-0.007378012783243246,0.07504729750685227,-2.0104223168511073,2.4794575692033915e-06
2023-08-11,1250917.461407753,0.0,-0.007645715094154896,0.07771953376203342,-2.0078926046000003,2.473305069031671e-06
2023-08-14,1267799.1328860244,0.0,-0.006401533447086123,0.06527296048905767,-2.005372418197554,2.4671830267815928e-06
2023-08-15,1274109.1548739395,0.0,-0.005936778809319649,0.06062068709730499,-2.002861698006903,2.461091216838922e-06
2023-08-16,1269357.6910983047,0.0,-0.00628756601386452,0.06412386165637912,-2.0003603849126037,2.4550294158122253e-06
2023-08-17,1262055.1917086563,0.0,-0.006826433869093748,0.06950787199244723,-1.9978684203147792,2.4489974025055612e-06
2023-08-18,1254320.148404213,0.0,-0.007397189560232117,0.07521078970307267,-1.9953857461233604,2.442994957891577e-06
2023-08-21,1255579.1130343399,0.0,-0.007304829253067039,0.07428257619429017,-1.9929123047523907,2.437021865084996e-06
2023-08-22,1262663.4592715225,0.0,-0.0067829704778000445,0.06905940651907672,-1.9904480391144195,2.431077909316496e-06
2023-08-23,1243172.965817543,0.0,-0.008220427239759001,0.08342942048443844,-1.9879928926149668,2.425162877906967e-06
2023-08-24,1262443.229199501,0.0,-0.006800115600049574,0.06922177845788954,-1.9855468091470587,2.4192765602421442e-06
2023-08-25,1249211.5512362442,0.0,-0.0077761148111281375,0.07897727272313852,-1.983109733085849,2.413418747747611e-06
2023-08-28,1255594.1276064834,0.0,-0.007305985189000309,0.07427150620204516,-1.980681609283297,2.4075892338641628e-06
2023-08-29,1251995.480710121,0.0,-0.007571751688656126,0.07692472820892943,-1.9782623830629327,2.4017878140235264e-06
2023-08-30,1261296.5451479873,0.0,-0.006886441396917953,0.07006720937902124,-1.975852000214678,2.3960142856244315e-06
2023-08-31,1263273.4342928848,0.0,-0.00674112758211756,0.06860968216519134,-1.9734504069897505,2.390268448009025e-06
2023-09-01,1253878.2471896133,0.0,-0.007434255216089211,0.07553659605785279,-1.9710575500956242,2.3845501024396254e-06
2023-09-05,1261124.4409914932,0.0,-0.00690043910441654,0.07019409888739397,-1.968673376691063,2.3788590520758077e-06
2023-09-06,1243058.5024691543,0.0,-0.008232841443181873,0.0835138123916393,-1.9662978343812179,2.3731951019518176e-06
2023-09-07,1233562.1808443984,0.0,-0.008933417704479842,0.09051529107095134,-1.963930871212794,2.3675580589543077e-06
2023-09-08,1246388.8861971817,0.0,-0.007988152049592842,0.08105837631995816,-1.961572435669271,2.3619477318003875e-06
2023-09-11,1249228.031643959,0.0,-0.007779249885730398,0.07896512199490907,-1.9592224766661988,2.356363931015989e-06
2023-09-12,1246976.9288302383,0.0,-0.00794564065948048,0.08062482234816137,-1.9568809435465477,2.3508064689145366e-06
2023-09-13,1249052.1367617568,0.0,-0.0077930572881720825,0.07909480634177533,-1.9545477860761196,2.345275159575914e-06
2023-09-14,1244899.246625038,0.0,-0.008099658654630979,0.08215666259503898,-1.9522229544390235,2.3397698188257356e-06
2023-09-15,1257652.3880892715,0.0,-0.0071598041952751395,0.07275398526539704,-1.9499063992332037,2.3342902642149025e-06
2023-09-18,1248204.2627993545,0.0,-0.007856809454802232,0.07971992959529156,-1.9475980714660353,2.3288363149994475e-06
2023-09-19,1252606.857159706,0.0,-0.007532621955527558,0.07647397060551762,-1.945297922549967,2.3234077921206606e-06
2023-09-20,1253329.814999672,0.0,-0.007479725479286098,0.07594094591421328,-1.943005904298226,2.3180045181854966e-06
2023-09-21,1258186.1969881973,0.0,-0.007122076185376186,0.07236041691626777,-1.9407219689205792,2.312626317447247e-06
2023-09-22,1252853.051388832,0.0,-0.007515681305139356,0.07629245572909414,-1.9384460690191465,2.3072730157864895e-06
2023-09-25,1247561.4551669082,0.0,-0.007906220710972276,0.08019386088272175,-1.9361781575842671,2.301944440692294e-06
2023-09-26,1246780.2773562393,0.0,-0.00796421220255681,0.08076981018206858,-1.9339181879904237,2.2966404212436945e-06
2023-09-27,1246371.7835665664,0.0,-0.007994724016438066,0.08107098580269731,-1.9316661139922142,2.2913607880914104e-06
2023-09-28,1236481.2737399063,0.0,-0.008724326680213626,0.08836309283268298,-1.9294218897203739,2.2861053734398243e-06
2023-09-29,1236348.0662051162,0.0,-0.008734537536692726,0.088461304514175,-1.9271854696778563,2.280874011029207e-06
2023-10-02,1220285.2797060928,0.0,-0.009919207282035094,0.10030412762476494,-1.924956808735956,2.2756665361181812e-06
2023-10-03,1211031.1494723281,0.0,-0.010601883983313064,0.10712704265308212,-1.9227358621304822,2.2704827854664316e-06
2023-10-04,1203092.8655367813,0.0,-0.011187543325899402,0.11297980627264682,-1.920522585457982,2.265322597317644e-06
2023-10-05,1213017.1092349014,0.0,-0.010456226261778232,0.10566282782495538,-1.918316934672013,2.2601858113826834e-06
2023-10-06,1222719.7090426406,0.0,-0.009741248447663579,0.0985092637006432,-1.9161188660794606,2.255072268822994e-06
2023-10-09,1230494.944760414,0.0,-0.00916836979082346,0.09277671279770179,-1.9139283363369017,2.249981812234229e-06
2023-10-10,1237038.389279457,0.0,-0.008686306885761762,0.08795234088827646,-1.9117453024470128,2.244914285630098e-06
2023-10-11,1231961.8720828018,0.0,-0.00906096214070198,0.09169517188347841,-1.9095697217550267,2.2398695344264347e-06
2023-10-12,1235349.2896395645,0.0,-0.008811583566884452,0.08919768572633585,-1.9074015519452332,2.2348474054254787e-06
2023-10-13,1230294.5799838027,0.0,-0.009184626778124077,0.09292443838735245,-1.9052407510375162,2.2298477468003657e-06
2023-10-16,1233054.698819252,0.0,-0.008981493710117153,0.09088944905754844,-1.9030872773839462,2.224870408079829e-06
2023-10-17,1238818.4048129043,0.0,-0.008556909134253969,0.08663996528657124,-1.9009410896654029,2.2199152401331035e-06
2023-10-18,1243489.5243960342,0.0,-0.008212877074676456,0.0831960271532478,-1.8988021468882461,2.21498209515503e-06
2023-10-19,1228065.326062294,0.0,-0.009350437073600356,0.09456802991878585,-1.8966704083810282,2.2100708266513604e-06
2023-10-20,1202694.0503664932,0.0,-0.011221376389591305,0.11327384600951494,-1.8945458337912455,2.2051812894242554e-06
2023-10-23,1215866.319623085,0.0,-0.01025056277461786,0.10356215278739792,-1.8924283830821278,2.2003133395579767e-06
2023-10-24,1210234.6468630752,0.0,-0.01066613028599311,0.10771429066942594,-1.8903180165294693,2.1954668344047654e-06
2023-10-25,1211236.2585421524,0.0,-0.010592634891175581,0.10697581917560804,-1.8882146947184997,2.1906416325709088e-06
2023-10-26,1204746.9176608047,0.0,-0.011071432912902569,0.11176030138028607,-1.8861183785407911,2.18583759390299e-06
2023-10-27,1207111.1514254531,0.0,-0.01089746978539221,0.11001719147413637,-1.8840290291912036,2.1810545794743184e-06
2023-10-30,1168854.8522921524,0.0,-0.013718388504100188,0.13822291926171804,-1.8819466081648681,2.176292451571536e-06
2023-10-31,1179324.2963381729,0.0,-0.01294683798363451,0.1305039737406045,-1.879871077254202,2.171551073681402e-06
2023-11-01,1177956.002926918,0.0,-0.013048062100244895,0.13151279352625392,-1.877802398545971,2.1668303104777467e-06
2023-11-02,1184691.6241427383,0.0,-0.01255179630273541,0.1265467329611243,-1.875740534418375,2.1621300278085973e-06
2023-11-03,1189559.9683657608,0.0,-0.01219319984182855,0.12295738440829239,-1.873685447538176,2.1574500926834708e-06
2023-11-06,1196805.2432833633,0.0,-0.011659354416601547,0.11761556471580145,-1.8716371008578574,2.152790373260828e-06
2023-11-07,1199904.9944888076,0.0,-0.011431149666350142,0.11533017013528161,-1.8695954576128193,2.148150738835697e-06
2023-11-08,1197008.8982363662,0.0,-0.011645006871822745,0.11746541333427397,-1.8675604813186066,2.1435310598274483e-06
2023-11-09,1181374.3008242568,0.0,-0.012798050596786166,0.1289925398118721,-1.8655321357681702,2.1389312077677327e-06
2023-11-10,1152071.143765541,0.0,-0.014958852507483793,0.1505972660932869,-1.8635103850291617,2.1343510552885725e-06
2023-11-13,1148789.119168373,0.0,-0.015201158178529926,0.15301704778877473,-1.8614951934412585,2.1297904761106057e-06
2023-11-14,1151547.3770876846,0.0,-0.014998122181670726,0.15098343048123122,-1.8594865256135205,2.1252493450314785e-06
2023-11-15,1151839.616597267,0.0,-0.014976899832338143,0.15076796719171282,-1.8574843464217818,2.1207275379143904e-06
2023-11-16,1151980.1309405288,0.0,-0.014966862183994688,0.1506643683228708,-1.8554886210060706,2.1162249316767803e-06
2023-11-17,1156740.7400179824,0.0,-0.014616190970853064,0.14715445108613362,-1.853499314768056,2.11174140427916e-06
2023-11-20,1153791.5311327896,0.0,-0.014833949991562123,0.14932885333854748,-1.8515163933685341,2.1072768347140875e-06
2023-11-21,1161048.7060595474,0.0,-0.014299207747817372,0.14397825996887112,-1.8495398227249333,2.1028311029952815e-06
2023-11-22,1159158.021512123,0.0,-0.014438920152469888,0.14537222997864704,-1.8475695690088567,2.0984040901468703e-06
2023-11-24,1157927.0675326309,0.0,-0.014529990051753226,0.146279791704459,-1.8456055986436468,2.0939956781927804e-06
2023-11-27,1160266.7304049453,0.0,-0.01435780269400889,0.1445547975051699,-1.8436478783019845,2.0896057501462544e-06
2023-11-28,1155273.4401217422,0.0,-0.014726260022776548,0.14823626669281037,-1.8416963749035147,2.085234189999505e-06
2023-11-29,1144691.4838915784,0.0,-0.015506758679582002,0.15603816556044794,-1.8397510556124934,2.0808808827134937e-06
2023-11-30,1156283.8723422012,0.0,-0.014652378461895701,0.14749129196175334,-1.8378118878354723,2.0765457142078407e-06
2023-12-01,1175770.0018893203,0.0,-0.013216004335207239,0.13312449543173643,-1.8358788392190015,2.0722285713508595e-06
2023-12-04,1184021.7708102188,0.0,-0.012607919173318114,0.12704060458965838,-1.8339518776473631,2.067929341949717e-06
2023-12-05,1191691.6734591445,0.0,-0.01204273244363267,0.12138571399192828,-1.8320309712403304,2.0636479147407112e-06
2023-12-06,1194534.249524208,0.0,-0.011833454826903815,0.11928993032954877,-1.8301160883509504,2.0593841793796766e-06
2023-12-07,1201679.9096957168,0.0,-0.011306916466302998,0.11402155491879974,-1.828207197563358,2.055138026432502e-06
2023-12-08,1203719.7413302383,0.0,-0.011156820723589488,0.11251762126292428,-1.8263042676906045,2.0509093473657686e-06
2023-12-11,1206749.1984835586,0.0,-0.010933760004718867,0.11028405330819456,-1.8244072677725236,2.046698034537502e-06
2023-12-12,1223469.42074308,0.0,-0.009701300599120301,0.09795651383667757,-1.822516167073612,2.04250398118804e-06
2023-12-13,1232343.3205080947,0.0,-0.009047335868719676,0.0914139363564525,-1.8206309350809378,2.0383270814310092e-06
2023-12-14,1256875.3334170303,0.0,-0.007238923202172522,0.07332689464392671,-1.8187515415020743,2.034167230244415e-06
2023-12-15,1257327.0957766494,0.0,-0.007205905523710895,0.07299381783229646,-1.8168779562630524,2.03002432346184e-06
2023-12-18,1240823.016018959,0.0,-0.008423012158185625,0.0851619990619529,-1.8150101495063435,2.025898257763747e-06
2023-12-19,1246559.8417025527,0.0,-0.008000332652298244,0.0809323336927954,-1.8131480915888563,2.0217889306688915e-06
2023-12-20,1250971.378293129,0.0,-0.007675363018843255,0.0776797817466393,-1.8112917530799617,2.017696240525837e-06
2023-12-21,1235896.4619265518,0.0,-0.008787095423517178,0.08879426477529467,-1.809441104759543,2.0136200865045728e-06
2023-12-22,1250494.6433688125,0.0,-0.007711078640005319,0.0780312704114275,-1.807596117616057,2.0095603685882326e-06
2023-12-26,1268351.7857943496,0.0,-0.0063947826899088765,0.06486549876781483,-1.8057567628446298,2.0055169875649163e-06
2023-12-27,1270543.9287234268,0.0,-0.006233439453885691,0.06324926854874484,-1.803923011845164,2.001489845019605e-06
2023-12-28,1274506.1335268936,0.0,-0.005941591106036587,0.06032800139386857,-1.8020948362204718,1.997478843326179e-06
2023-12-29,1276433.3665286025,0.0,-0.005799776408253501,0.05890708482167119,-1.8002722077744282,1.9934838856395268e-06
2023-12-29,1276017.6436434707,0.0,-0.0058307025205883,0.059213590333148894,-1.7984550985101446,1.9895048758877513e-06
