date,close,high,low,open,volume,ticker
2022-01-03,44.06507873535156,44.15016484901915,43.25203445061977,43.75309511643255,34900,XPH
2022-01-04,43.42220687866211,44.05562292279372,43.01568473441717,44.05562292279372,152000,XPH
2022-01-05,42.59971618652344,43.819279184792066,42.55244331150294,43.46002985825168,101400,XPH
2022-01-06,42.44844055175781,42.67533442050074,41.5975795279393,42.53352665413966,114400,XPH
2022-01-07,42.476806640625,42.750973405165176,42.42953737932133,42.48625905032035,121000,XPH
2022-01-10,43.16694641113281,43.23312409587592,42.33499373754507,42.47680512280223,186000,XPH
2022-01-11,43.403297424316406,43.47893112676244,42.90223676805845,43.22367279062723,141300,XPH
2022-01-12,42.53353500366211,43.41275342565171,42.34445433831695,43.40330101527062,56400,XPH
2022-01-13,41.65431594848633,42.6848018614377,41.59759066290969,42.524082022177545,55800,XPH
2022-01-14,41.729942321777344,41.739398338400896,40.99253170734157,41.32342016089258,62200,XPH
2022-01-18,40.869632720947266,41.39905790466185,40.85072429227024,41.39905790466185,98600,XPH
2022-01-19,40.83180618286133,41.50304261930446,40.78453692558275,41.27614513538888,69100,XPH
2022-01-20,40.43474197387695,41.550313808298526,40.415833548803825,41.191060944735646,27800,XPH
2022-01-21,39.83914566040039,40.5481954866479,39.72569869799669,40.34020638356285,88500,XPH
2022-01-24,40.00931167602539,40.01876769182777,38.05233474888168,39.2435366846335,80700,XPH
2022-01-25,39.980960845947266,40.34966621340808,39.1584603731655,39.35699708414876,80000,XPH
2022-01-26,39.668975830078125,40.66164492601166,39.489351161462345,40.2645787302039,49900,XPH
2022-01-27,39.28135681152344,40.34020346566848,39.234087547808805,39.92422889600063,34500,XPH
2022-01-28,40.13220977783203,40.16057060897887,39.0071820568351,39.12063259424829,154000,XPH
2022-01-31,41.19105911254883,41.200515127871455,39.98094881300088,39.98094881300088,29500,XPH
2022-02-01,41.616493225097656,41.77720943528897,41.15324580755694,41.32341803388508,47700,XPH
2022-02-02,41.5692138671875,41.63539153841794,41.09651415473429,41.58812228845514,28700,XPH
2022-02-03,40.633277893066406,41.247789128833176,40.57655261384662,41.058708471180815,38400,XPH
2022-02-04,41.039798736572266,41.25724022369646,40.43474353650258,40.57655132041133,24600,XPH
2022-02-07,41.37068939208984,41.55031764365878,41.02089251198171,41.02089251198171,32900,XPH
2022-02-08,41.20996856689453,41.25723782544973,40.60491340199616,41.22887699159926,27500,XPH
2022-02-09,42.12700271606445,42.221541222821024,41.55030844817594,41.55030844817594,46100,XPH
2022-02-10,41.89066696166992,42.82661075581596,41.61650015069217,41.61650015069217,51800,XPH
2022-02-11,41.55030822753906,42.37280477247482,41.313958355489824,42.02300797163754,70400,XPH
2022-02-14,41.077613830566406,41.59758289547721,40.88853318703158,41.361232992662,106200,XPH
2022-02-15,42.070289611816406,42.09865045076069,41.32342293069651,41.32342293069651,24800,XPH
2022-02-16,42.11754608154297,42.25935744600313,41.78665770635301,41.78665770635301,88500,XPH
2022-02-17,41.21943283081055,41.72049721355964,41.18161957693919,41.72049721355964,103600,XPH
2022-02-18,40.954708099365234,41.47467712908292,40.73726663626195,41.11542789773649,63700,XPH
2022-02-22,40.31184005737305,40.89798682415626,40.26457079667355,40.71836219093283,47900,XPH
2022-02-23,39.67842483520508,40.65218532974908,39.62169955736634,40.5009215285926,42100,XPH
2022-02-24,40.274024963378906,40.311841816153795,38.553397832670896,38.553397832670896,32500,XPH
2022-02-25,41.42741775512695,41.46523461157788,40.39693185852973,40.47256557143159,59400,XPH
2022-02-28,40.93581008911133,41.16270762499802,40.63328244553839,40.93581008911133,17800,XPH
2022-03-01,40.81291198730469,41.285611937714506,40.58601803070005,40.88854571044918,35800,XPH
2022-03-02,41.71102523803711,41.88119743780604,40.94525394548987,40.94525394548987,65200,XPH
2022-03-03,41.19105911254883,41.54085594480944,40.90743996189392,41.54085594480944,27800,XPH
2022-03-04,41.04924774169922,41.17215069602418,40.67109007622628,41.08706459017046,24500,XPH
2022-03-07,40.453643798828125,40.983065188846005,40.40637454706406,40.90743510730606,106000,XPH
2022-03-08,40.23621368408203,41.11543571880681,39.84859994022376,40.40638592347481,111200,XPH
2022-03-09,41.44632339477539,41.61649563094116,40.71836518593596,40.87908501183194,63700,XPH
2022-03-10,41.50304412841797,41.56922181229693,40.99252747585462,40.99252747585462,29400,XPH
2022-03-11,41.2950553894043,41.928471399113384,41.25723853934047,41.83393288036714,59400,XPH
2022-03-14,39.88640975952149,41.096523758553,39.68787669943511,41.03979848149398,28500,XPH
2022-03-15,40.42528533935547,40.42528533935547,39.73514406360987,39.9998584041685,66100,XPH
2022-03-16,41.455772399902344,41.465228415809115,40.51037276837514,40.8034479524574,84200,XPH
2022-03-17,42.62807083129883,42.66588768325372,41.455773665591714,41.455773665591714,55000,XPH
2022-03-18,43.100772857666016,43.13858971154784,42.37281464930248,42.37281464930248,49600,XPH
2022-03-21,42.69356918334961,43.19662698195529,42.52271868178769,42.94035485040038,46200,XPH
2022-03-22,43.15866470336914,43.215612458919,42.77899610269219,42.87391144246737,18500,XPH
2022-03-23,42.80747604370117,43.52884576300429,42.80747604370117,42.94985269431823,97100,XPH
2022-03-24,43.17765045166016,43.1966306238446,42.78849174768996,43.025783728666624,36800,XPH
2022-03-25,43.13969039916992,43.36748871304634,42.95934614482976,43.32952474125955,68500,XPH
2022-03-28,42.93086624145508,43.348498838864856,42.31390924215348,43.25358349152258,340700,XPH
2022-03-29,43.6617317199707,43.9464814200736,43.177657591874656,43.177657591874656,315600,XPH
2022-03-30,43.23459243774414,44.136302569230054,43.01628427888549,43.77561779247813,38400,XPH
2022-03-31,42.96883773803711,43.386470373443345,42.96883773803711,43.23460363140574,77700,XPH
2022-04-01,43.63325500488281,43.63325500488281,43.03527813891657,43.19663496421536,46600,XPH
2022-04-04,43.77562713623047,43.84206860655228,43.35799451980927,43.75664334174016,357300,XPH
2022-04-05,43.29155349731445,44.22173771223066,43.20612823161865,43.7661375021159,105300,XPH
2022-04-06,43.71868515014648,43.823090602455565,42.8834161861505,42.92138378014783,59900,XPH
2022-04-07,44.0793571472168,44.24071757732686,43.5288416333556,43.680708356571266,69400,XPH
2022-04-08,43.75663757324219,44.13630617141909,43.652232148492224,44.02240704028126,31800,XPH
2022-04-11,42.70307159423828,43.51935306491042,42.65561029573901,43.51935306491042,121400,XPH
2022-04-12,42.43729782104492,43.11120619092676,42.28543109514496,42.91188179208087,22900,XPH
2022-04-13,43.111209869384766,43.168161254252254,42.541710503864515,42.541710503864515,23900,XPH
2022-04-14,42.91188430786133,43.19663398301915,42.854936545302905,43.139686220460725,17200,XPH
2022-04-18,41.54508209228515,42.703068163491814,41.402705449803264,42.703068163491814,123600,XPH
2022-04-19,41.89627456665039,41.981699830719315,41.29829771816795,41.29829771816795,16400,XPH
2022-04-20,41.79186248779297,42.06712205443078,41.3837199912716,42.01017067557143,48700,XPH
2022-04-21,40.85219192504883,42.02915822708922,40.75727295179485,41.99119425857624,39400,XPH
2022-04-22,39.98844909667969,40.71930889561299,39.95048150745984,40.643373717173304,55800,XPH
2022-04-25,40.26370620727539,40.26370620727539,39.22911652763785,39.51386621327681,98700,XPH
2022-04-26,39.409446716308594,40.26369554705447,39.380972841520055,40.04538739183759,84100,XPH
2022-04-27,39.494876861572266,39.82708417794783,39.305042557591285,39.39995789918768,96600,XPH
2022-04-28,39.82709503173828,39.99794558980301,38.89691067160207,39.988455501372385,53000,XPH
2022-04-29,39.20063781738281,40.168789615373115,39.134196346806,39.40945593678913,60600,XPH
2022-05-02,39.32402801513672,39.7226768116671,38.57418447409528,39.05826215078313,39000,XPH
2022-05-03,39.5328483581543,39.81759803190659,39.29555635989596,39.31453653346271,19300,XPH
2022-05-04,39.92201232910156,40.02641778057311,38.51724394957071,39.33352548923088,20900,XPH
2022-05-05,38.640628814697266,39.798614945447326,38.29892775180127,39.70369959277115,26800,XPH
2022-05-06,37.59653854370117,38.27994054391732,37.368736670033144,38.27994054391732,34800,XPH
2022-05-09,36.21075820922851,37.226367611155936,36.05889148428951,37.07450088621693,55500,XPH
2022-05-10,37.0080680847168,37.12196724989014,36.20127297770023,36.73280844982447,45300,XPH
2022-05-11,36.23923873901367,37.63451701973386,36.21076485435865,36.87517963490255,26500,XPH
2022-05-12,37.12195587158203,37.1409396634237,36.01142758396683,36.01142758396683,40800,XPH
2022-05-13,38.12807083129883,38.25146366573201,37.49213010919702,37.49213010919702,26800,XPH
2022-05-16,38.76401901245117,38.972837118970155,38.15655210707416,38.15655210707416,142500,XPH
2022-05-17,39.808101654052734,39.808101654052734,39.13419329319331,39.29555372399515,109500,XPH
2022-05-18,38.58367538452149,39.52334954868444,38.41282487816675,39.40945041804398,41800,XPH
2022-05-19,38.77350616455078,38.97283416968393,38.298922228040794,38.298922228040794,29300,XPH
2022-05-20,39.32402801513672,39.48538482684044,38.374860075830085,39.12470361687153,45800,XPH
2022-05-23,39.30503845214844,39.68470702045371,39.143681664130774,39.68470702045371,129600,XPH
2022-05-24,38.77350616455078,39.1247008845356,38.422315065354056,39.06774950867069,45300,XPH
2022-05-25,38.991817474365234,39.11520668934843,38.57418129815119,38.66910025673986,29200,XPH
2022-05-26,39.437931060791016,39.67522306912404,39.371489588120866,39.42844097360472,13500,XPH
2022-05-27,40.21624374389648,40.23522753678509,39.41894254651639,39.53284530384803,20100,XPH
2022-05-31,39.88404083251953,40.38709872695981,39.4569144972454,40.12133283869531,33900,XPH
2022-06-01,39.276573181152344,39.99793927401725,38.95385591363127,39.99793927401725,21200,XPH
2022-06-02,39.76063537597656,39.78910924904236,38.75451990591794,38.82096135692983,16000,XPH
2022-06-03,39.9979362487793,40.24472193981202,39.57080995336754,39.580303660370205,41600,XPH
2022-06-06,39.70370101928711,40.339641870801145,39.64674963316203,40.339641870801145,20400,XPH
2022-06-07,40.595916748046875,40.624390630063345,39.51386578195689,39.51386578195689,14600,XPH
2022-06-08,40.225738525390625,40.77625405071448,40.206754731994856,40.396589045164184,13900,XPH
2022-06-09,39.23859786987305,40.02640527859175,39.229107784808534,39.86504848697979,19700,XPH
2022-06-10,38.27994537353515,38.70706805677055,38.05214347112633,38.70706805677055,44200,XPH
2022-06-13,36.7327995300293,37.49213314811187,36.54296522031158,37.49213314811187,39700,XPH
2022-06-14,36.590423583984375,36.95110841718499,36.40058927067941,36.95110841718499,15900,XPH
2022-06-15,37.378231048583984,37.67247076558074,36.7233029129966,36.87516962457854,38300,XPH
2022-06-16,36.552459716796875,36.71382016680231,36.2392361456397,36.685346284184945,26700,XPH
2022-06-17,37.21686935424805,37.729420846051426,36.68533769233749,36.68533769233749,93500,XPH
2022-06-21,37.88886260986328,38.20341340326792,37.67916208092686,37.67916208092686,32700,XPH
2022-06-22,38.42265319824219,38.88017875811184,37.45994021169339,37.50759844241295,122400,XPH
2022-06-23,39.7475700378418,39.823822476687816,38.4893738901193,38.58469034769927,45000,XPH
2022-06-24,40.224151611328125,40.348065890450464,39.86194259948002,40.19555377086047,31200,XPH
2022-06-27,41.45375442504883,41.63485711782224,40.8246564590964,40.87231467971159,386900,XPH
2022-06-28,40.33853912353515,41.54907701393767,40.06211631254229,41.54907701393767,93300,XPH
2022-06-29,40.462440490722656,40.57682092777972,40.04303949469921,40.32899604147466,260300,XPH
2022-06-30,40.03351974487305,40.48151505794764,39.76663077678919,40.08117796973238,114700,XPH
2022-07-01,40.634029388427734,40.69121781202728,39.69991423003847,40.052589507899015,40000,XPH
2022-07-05,41.33937072753906,41.358434743185256,40.15743084618852,40.15743084618852,139100,XPH
2022-07-06,41.61579895019531,41.93987998644324,41.28218772292084,41.28218772292084,74000,XPH
2022-07-07,42.130523681640625,42.29256240921892,41.68252826948136,41.79690876165958,118600,XPH
2022-07-08,42.00659942626953,42.31161642400253,41.67298822127701,41.86362111779306,29900,XPH
2022-07-11,41.13920974731445,41.91128612611986,41.12967955620858,41.749243788602314,116700,XPH
2022-07-12,40.72933578491211,41.17733105152602,40.27181032875049,41.13920302115694,111900,XPH
2022-07-13,40.77698516845703,41.034343863545025,40.22414339226262,40.22414339226262,98100,XPH
2022-07-14,40.6435546875,40.71981075790606,40.10977673901586,40.35760169565641,86800,XPH
2022-07-15,41.17733383178711,41.17733383178711,40.281343238062725,41.02482533610265,98900,XPH
2022-07-18,40.386192321777344,41.568135855606435,40.243217656582125,41.53954164978524,72200,XPH
2022-07-19,41.42516326904297,41.48235532466442,40.68168472641292,40.76747099180021,105000,XPH
2022-07-20,41.463287353515625,42.00659910381247,41.15827035812404,41.50141538696192,100700,XPH
2022-07-21,41.67299270629883,41.67299270629883,41.27265558113242,41.37750586715433,48900,XPH
2022-07-22,40.74840545654297,41.74924275808224,40.6912134030503,41.74924275808224,37300,XPH
2022-07-25,40.68168258666992,41.0438916477084,40.45291801230627,40.805596882620634,85900,XPH
2022-07-26,40.85325241088867,41.10107735033672,40.29087665697153,40.58636345516166,57700,XPH
2022-07-27,41.24405288696289,41.33936932587284,40.47197664187163,40.62448512578099,155300,XPH
2022-07-28,41.091548919677734,41.3870320944304,40.19555829664846,41.244057420350245,41700,XPH
2022-07-29,40.86278533935547,41.0438916880977,40.49104608722707,41.0438916880977,60500,XPH
2022-08-01,40.13837814331055,40.86279276159203,40.081186080252714,40.548245504999485,76300,XPH
2022-08-02,40.70073699951172,40.986689922919,40.09070312661921,40.09070312661921,37200,XPH
2022-08-03,41.13920974731445,41.36797433084225,40.939043009283694,40.98670123699249,166600,XPH
2022-08-04,41.26312255859375,41.36797283742173,40.91044368688334,41.36797283742173,57700,XPH
2022-08-05,42.14004898071289,42.1686468275042,40.55777175097889,40.7960665363972,23700,XPH
2022-08-08,42.03519821166992,42.2734929943576,41.634864722077744,41.9303515616028,557600,XPH
2022-08-09,41.27265548706055,42.16864619386753,41.177339028761416,41.73971485934183,100400,XPH
2022-08-10,42.30208587646485,42.36880811690003,41.78736833360252,41.78736833360252,47600,XPH
2022-08-11,41.653926849365234,42.74055042729909,41.558606758965105,42.30208891972747,35600,XPH
2022-08-12,42.263954162597656,42.36880442731929,41.730172649509825,41.81595889918306,37400,XPH
2022-08-15,42.20676803588867,42.29255429759127,41.85409279826224,42.05425953020511,42800,XPH
2022-08-16,41.62532043457031,42.07331567699555,41.491875971572725,42.07331567699555,155600,XPH
2022-08-17,41.15827560424805,41.66345938549043,41.02483110626628,41.42516460021159,51000,XPH
2022-08-18,41.196407318115234,41.48236035874472,40.77700613150782,41.396574082946856,49200,XPH
2022-08-19,42.1114501953125,42.30208673015568,41.482352175592645,41.482352175592645,35000,XPH
2022-08-22,41.78737258911133,42.101919806611306,41.510949772821505,41.65392809465135,27900,XPH
2022-08-23,41.730186462402344,41.97801510397488,41.25359683670624,41.84457059055441,23800,XPH
2022-08-24,42.168643951416016,42.454596947196755,41.73017881272329,41.73017881272329,45500,XPH
2022-08-25,42.43553161621094,42.511784049217766,42.054258542908286,42.40693740834457,21400,XPH
2022-08-26,41.17733383178711,42.57850449961016,41.12967560865247,42.5117822600038,27500,XPH
2022-08-29,40.281349182128906,40.82466464152339,40.243224779649026,40.78653660295362,102700,XPH
2022-08-30,39.64271926879883,40.49104809360745,39.50927477538036,40.481517902401734,64100,XPH
2022-08-31,39.604591369628906,40.1097787714438,39.433018838610984,39.842886147588274,20300,XPH
2022-09-01,40.10024642944336,40.10978025712513,39.20425934012075,39.31863981967281,15200,XPH
2022-09-02,39.776161193847656,40.491045479077314,39.61412250118523,40.42432323667637,36100,XPH
2022-09-06,39.480674743652344,40.10977641109028,39.385358292513615,40.014456323862014,58800,XPH
2022-09-07,40.395729064941406,40.40525925554027,39.45208020771497,39.45208020771497,29500,XPH
2022-09-08,41.03435897827149,41.05342299634695,40.27181643570099,40.59589747080466,42000,XPH
2022-09-09,41.653926849365234,41.9398798483863,41.37750404133935,41.37750404133935,16000,XPH
2022-09-12,42.08285903930664,42.16864530440229,41.749244170117024,41.93988071878398,41800,XPH
2022-09-13,40.79605484008789,41.30124211287764,40.63401617778338,41.09154159828232,43300,XPH
2022-09-14,41.18686294555664,41.34890526328665,40.55776496278859,40.87231577221725,41200,XPH
2022-09-15,40.87232208251953,41.02483059776405,40.62449347269105,41.02483059776405,16900,XPH
2022-09-16,40.281349182128906,40.46245554729036,39.93820774327065,40.46245554729036,14100,XPH
2022-09-19,40.101585388183594,40.13027283749974,39.60437882066538,39.958162731532575,30200,XPH
2022-09-20,39.747802734375,39.89122902988282,39.34621494292463,39.80517398207457,30900,XPH
2022-09-21,38.743839263916016,39.91036272548342,38.71515545665882,39.84342776274477,30300,XPH
2022-09-22,39.11674118041992,39.250603803512575,38.21794667716715,38.705589610930815,20100,XPH
2022-09-23,38.06496047973633,38.476112051154566,37.64424520806208,38.27531446809052,73700,XPH
2022-09-26,37.85459899902344,38.44742069278103,37.768543942874544,37.83547524793673,27600,XPH
2022-09-27,37.95977783203125,38.514352023991954,37.77810402032549,38.25618685537001,36300,XPH
2022-09-28,38.96375274658203,39.13586286646371,38.523917394654504,38.523917394654504,32300,XPH
2022-09-29,38.476104736328125,38.68645868469119,38.03626579524409,38.68645868469119,69600,XPH
2022-09-30,38.39960861206055,39.19322777493132,38.36136111439595,38.4952237087399,40200,XPH
2022-10-03,38.75339889526367,38.82033020979052,38.14145336388506,38.66734382694587,110600,XPH
2022-10-04,39.738243103027344,39.77648695441527,39.193229010315285,39.193229010315285,32600,XPH
2022-10-05,39.58525466918945,39.69042981431713,39.05936070614081,39.35577333554259,18900,XPH
2022-10-06,39.67131423950195,39.71912179228385,39.41314907750074,39.41314907750074,20600,XPH
2022-10-07,38.906375885009766,39.499201166955714,38.65777444071278,39.40358242108595,17200,XPH
2022-10-10,38.39005279541016,38.8585719272868,38.189255234266206,38.8585719272868,25900,XPH
2022-10-11,38.54304122924805,39.04024783803008,38.01714716876906,38.24662854493105,43000,XPH
2022-10-12,38.48566055297851,38.62908683390782,38.256179232988,38.50478430026788,95300,XPH
2022-10-13,39.03068542480469,39.09761673516584,37.50082169157428,37.58687675453616,28200,XPH
2022-10-14,38.83944320678711,39.537443613168534,38.772511910797256,39.537443613168534,9600,XPH
2022-10-17,39.41314697265625,39.585257071465584,39.13585807485429,39.13585807485429,28400,XPH
2022-10-18,39.85299301147461,40.20677335549312,39.72869042939336,39.96773189244324,22400,XPH
2022-10-19,38.75339889526367,39.57570207085983,38.50479739094727,39.57570207085983,24000,XPH
2022-10-20,38.351806640625,38.97331215438093,38.332682889011835,38.78208193321459,29900,XPH
2022-10-21,39.08805465698242,39.11673846065565,38.24662782356876,38.47610919540255,12300,XPH
2022-10-24,39.2792854309082,39.53744693859283,38.86813392239953,39.15498287897986,25400,XPH
2022-10-25,39.70956039428711,39.91035796357865,39.269725047234566,39.269725047234566,27600,XPH
2022-10-26,40.20676803588867,40.82827721658215,39.71912512067773,39.71912512067773,57700,XPH
2022-10-27,39.652191162109375,40.4171229620542,39.64262746290114,40.4171229620542,36100,XPH
2022-10-28,40.51272964477539,40.550977138689845,39.79560554754733,39.80516924476684,17300,XPH
2022-10-31,40.46492767333984,40.79002412141652,40.35018882327816,40.35018882327816,81800,XPH
2022-11-01,40.828269958496094,40.981256301511095,40.43624222655253,40.5318573231311,222400,XPH
2022-11-02,40.044219970703125,41.08644071485589,40.034656271248146,40.89520684806515,107100,XPH
2022-11-03,39.96773147583008,40.13984161923062,39.2219232860832,39.671322399127206,31900,XPH
2022-11-04,39.747802734375,40.35018806903277,39.06892605026668,40.35018806903277,45500,XPH
2022-11-07,39.977291107177734,40.38844266928146,39.74780972351034,39.74780972351034,42500,XPH
2022-11-08,40.20676803588867,40.65616709415881,39.70956142083045,39.99641405652453,37900,XPH
2022-11-09,39.15498352050781,40.08246170706422,39.12629607114209,40.01553040434827,43200,XPH
2022-11-10,40.503173828125,40.67528392124593,39.97728349802534,40.35018748395997,69200,XPH
2022-11-11,41.02907180786133,41.11512687046627,40.158961129292635,40.158961129292635,29600,XPH
2022-11-14,41.09599685668945,41.79399730370314,40.71353280698071,40.95257420585453,397100,XPH
2022-11-15,40.98126220703125,41.74619403233517,40.828275841970466,41.621891470884954,28600,XPH
2022-11-16,40.00596618652344,40.85695293027228,39.967718689673994,40.85695293027228,24200,XPH
2022-11-17,39.76693344116211,39.95816731946975,39.52789200514827,39.52789200514827,28500,XPH
2022-11-18,40.19721221923828,40.42668997499505,39.91036320080074,40.04422583290605,31300,XPH
2022-11-21,39.79561233520508,40.23545129527801,39.78605228383677,40.005969940132026,26100,XPH
2022-11-22,40.158958435058594,40.24501349189016,39.48008167976652,39.90079326456388,22700,XPH
2022-11-23,40.00596618652344,40.29281511793016,39.85297984660771,40.120705029589715,20400,XPH
2022-11-25,40.36931228637695,40.36931228637695,39.99640829071117,39.99640829071117,6000,XPH
2022-11-28,40.436248779296875,40.66572650726546,40.28326241149024,40.41712502738571,31000,XPH
2022-11-29,40.350189208984375,40.58923060992921,40.31194170943745,40.44580431036938,37900,XPH
2022-11-30,41.03863525390625,41.04819895469921,40.00597806473835,40.445813466652766,93700,XPH
2022-12-01,41.258548736572266,41.411535092745105,41.019507327084554,41.22030123565845,31800,XPH
2022-12-02,41.679256439208984,41.727063987176784,40.80914593525941,40.80914593525941,17300,XPH
2022-12-05,40.856956481933594,41.48802564487953,40.723093878806026,41.48802564487953,42800,XPH
2022-12-06,40.225887298583984,40.77090140960256,39.95816209246465,40.77090140960256,125500,XPH
2022-12-07,40.51272964477539,40.65615592321371,40.19719693868557,40.29281202598993,16500,XPH
2022-12-08,40.7039680480957,40.866518091786254,40.39799535730639,40.59878925173397,17100,XPH
2022-12-09,39.977291107177734,40.579672900274296,39.93904360198603,40.579672900274296,9500,XPH
2022-12-12,40.52230453491211,40.57011209176951,39.77649278750203,40.015534219271835,30600,XPH
2022-12-13,40.876075744628906,41.54539233427128,40.71352935795623,41.54539233427128,17500,XPH
2022-12-14,40.76134490966797,41.15337270170516,40.484055980609725,40.876083772646915,39000,XPH
2022-12-15,39.76693344116211,40.41712643891839,39.67131832574971,40.36931888121219,19300,XPH
2022-12-16,39.518333435058594,39.64263236026099,39.06893435129967,39.45139847477955,64900,XPH
2022-12-19,38.92655563354492,39.570206193840654,38.81127564723675,39.570206193840654,121000,XPH
2022-12-20,39.128292083740234,39.233966919478014,38.84969545582869,38.84969545582869,26400,XPH
2022-12-21,39.42610168457031,39.973686124798995,39.310818049491715,39.310818049491715,253700,XPH
2022-12-22,39.21475601196289,39.253183894235974,38.59992455433182,39.2051508737369,19600,XPH
2022-12-23,39.128292083740234,39.20514784234381,38.868909395479584,39.20514784234381,72700,XPH
2022-12-27,38.70559310913086,39.10907481338449,38.66716523310176,39.10907481338449,88600,XPH
2022-12-28,38.484642028808594,38.878518634365605,38.41739507161722,38.695988037973905,49500,XPH
2022-12-29,39.33964157104492,39.6086293955296,38.71520136170919,38.71520136170919,21800,XPH
2022-12-30,39.33964157104492,39.387674587605154,38.868909213512474,39.08986402143693,31300,XPH
2023-01-03,39.00340270996094,39.75273168611248,38.84969485979624,39.57020109457152,124800,XPH
2023-01-04,39.57980728149414,39.63744543107002,39.13789769955382,39.25317766338956,9600,XPH
2023-01-05,39.224365234375,39.38767823875538,39.003406741283925,39.31082247338725,28200,XPH
2023-01-06,39.743125915527344,39.95447559988122,39.08986658632855,39.49335201421463,29200,XPH
2023-01-09,39.781551361083984,40.20424703922279,39.62784350860766,39.85840711966428,72600,XPH
2023-01-10,40.09857940673828,40.09857940673828,39.73352185063557,39.73352185063557,13700,XPH
2023-01-11,40.329132080078125,40.329132080078125,39.88722250321526,40.24267119202374,13400,XPH
2023-01-12,40.66537857055664,40.67498370905488,39.944872248595125,40.348354029844934,62700,XPH
2023-01-13,41.068851470947266,41.09767054489471,40.319526230842854,40.319526230842854,31500,XPH
2023-01-17,40.9151496887207,41.068857546987545,40.69419487150488,40.83829392724507,57300,XPH
2023-01-18,40.530879974365234,41.155320237131065,40.49245575663985,40.97279329271062,27200,XPH
2023-01-19,40.569305419921875,40.76144115574619,40.27149484615997,40.3675645464143,25800,XPH
2023-01-20,41.05924987792969,41.07846015242991,40.57891239237203,40.70379750004441,59000,XPH
2023-01-23,41.770145416259766,41.95267233323489,41.260988877282216,41.30902189072998,23900,XPH
2023-01-24,41.28020858764648,41.66447641364328,41.2033528236364,41.66447641364328,52500,XPH
2023-01-25,41.43391036987305,41.43391036987305,40.98239198429293,40.98239198429293,22200,XPH
2023-01-26,41.52037811279297,41.69329992029483,41.26099540154018,41.69329992029483,32600,XPH
2023-01-27,41.712501525878906,41.866213024758174,41.43390859586983,41.43390859586983,19000,XPH
2023-01-30,41.232173919677734,41.74133421943885,41.17453575853533,41.558803603328656,91100,XPH
2023-01-31,41.827789306640625,41.83739444393317,41.19374396949127,41.19374396949127,16400,XPH
2023-02-01,42.08717727661133,42.40419815266709,41.491556078496224,41.79897181605288,25500,XPH
2023-02-02,42.509864807128906,42.567506621068866,42.01992221503311,42.25048214142503,26700,XPH
2023-02-03,42.08717727661133,42.509872999580566,42.02953545156271,42.202457262023906,18400,XPH
2023-02-06,42.01032257080078,42.56751589962139,41.97189468646458,42.13521136255105,45400,XPH
2023-02-07,42.33694839477539,42.33694839477539,41.78936391935174,42.01031873709423,13400,XPH
2023-02-08,41.712501525878906,42.0967729437094,41.65486337848302,42.06795387001145,84800,XPH
2023-02-09,41.21295547485352,42.010313751675966,41.20334667344424,41.933461663821696,111400,XPH
2023-02-10,41.07846450805664,41.30902813803245,40.87672362225566,41.14571513467487,40900,XPH
2023-02-13,41.2898063659668,41.309020303544465,40.88632467088741,40.88632467088741,26100,XPH
2023-02-14,41.22256851196289,41.78936696916656,41.011218816661106,41.28981547597988,17500,XPH
2023-02-15,41.28020858764648,41.33784674596951,40.96318405813171,40.96318405813171,12300,XPH
2023-02-16,40.79986953735352,41.136104330665745,40.53087803801933,40.82868861544188,27600,XPH
2023-02-17,41.6164436340332,41.7413324189292,40.79026248957197,40.80947643068556,12500,XPH
2023-02-21,40.348350524902344,41.289811597387946,40.3195314472264,41.289811597387946,30100,XPH
2023-02-22,40.51165771484375,40.694188286469505,40.386772619681075,40.386772619681075,17900,XPH
2023-02-23,40.790260314941406,40.89593515309003,40.50205854297155,40.64616126129866,14100,XPH
2023-02-24,39.99290466308594,40.281106454556706,39.93526283891794,40.281106454556706,24600,XPH
2023-02-27,39.531776428222656,40.49245139693102,39.368459777906466,40.233068715617655,37000,XPH
2023-02-28,39.66627502441406,40.00250983731744,39.45492533362645,39.45492533362645,36100,XPH
2023-03-01,41.001609802246094,41.107284639907625,40.828688006924374,40.972790724587256,44900,XPH
2023-03-02,40.83829879760742,40.915154568248845,40.482850020102966,40.56931092973214,11100,XPH
2023-03-03,41.41469955444336,41.47233770865307,40.80947328245148,40.80947328245148,168000,XPH
2023-03-06,40.73262405395508,41.28020854557292,40.62694921089119,41.28020854557292,20500,XPH
2023-03-07,40.050540924072266,40.74222812256208,39.96408002426104,40.74222812256208,17700,XPH
2023-03-08,39.954471588134766,40.0889654956977,39.647055895224014,40.0889654956977,705100,XPH
2023-03-09,39.09946823120117,40.11778125553719,38.89772738653277,40.07935704561261,33700,XPH
2023-03-10,38.05234146118164,39.01301656531777,37.98509449706689,39.01301656531777,19600,XPH
2023-03-13,38.75362777709961,39.32042614634444,38.32132331501726,38.43660328334451,116400,XPH
2023-03-14,39.454925537109375,39.743127330325,39.10908191937678,39.522172500036866,18700,XPH
2023-03-15,39.42610168457031,39.483739837425425,38.868908442409655,38.868908442409655,20200,XPH
2023-03-16,39.723907470703125,39.76233534798941,38.65756136113932,38.99379612568411,24900,XPH
2023-03-17,39.02261734008789,39.34924698555532,38.95537038349321,39.34924698555532,14800,XPH
2023-03-20,39.46096420288086,39.49950118361789,39.065969338048234,39.085237828416744,17700,XPH
2023-03-21,39.49950408935547,39.91376747503144,39.470603189221016,39.83669350788752,60800,XPH
2023-03-22,38.564998626708984,39.48986776528294,38.564998626708984,39.48986776528294,32300,XPH
2023-03-23,38.31451416015625,38.99852898697567,38.05439506930481,38.911822623358525,180500,XPH
2023-03-24,38.65170669555664,38.72878065845188,37.94842332203728,38.150736962004046,16600,XPH
2023-03-27,39.345359802246094,39.55730953665248,39.01780279229487,39.01780279229487,17500,XPH
2023-03-28,39.04670333862305,39.35499185400869,38.99853394717323,39.35499185400869,25300,XPH
2023-03-29,39.335723876953125,39.37425718196351,39.239381426705414,39.34535628443355,19800,XPH
2023-03-30,39.15267562866211,39.624744454022306,38.93109350250161,39.624744454022306,25900,XPH
2023-03-31,39.509132385253906,39.5862063443753,39.40316120409496,39.460962998347355,22500,XPH
2023-04-03,39.77888870239258,39.798157192722854,39.48986869761591,39.51876959556695,61700,XPH
2023-04-04,39.335723876953125,39.74035114272741,39.21048052917545,39.74035114272741,21100,XPH
2023-04-05,39.48023223876953,39.50913313644523,39.354988890360325,39.364624972978035,17600,XPH
2023-04-06,40.125709533691406,40.125709533691406,39.5958352986625,39.60547138025666,27800,XPH
2023-04-10,40.08717727661133,40.08717727661133,39.72108330979107,40.029371805506415,23500,XPH
2023-04-11,40.08717727661133,40.38582968959815,40.01973939786664,40.13534666498771,16400,XPH
2023-04-12,39.8655891418457,40.26058394714417,39.84632065438136,40.26058394714417,29200,XPH
2023-04-13,40.51107406616211,40.57851194661595,40.01010432915589,40.01010432915589,18200,XPH
2023-04-14,39.94266891479492,40.222056536832625,39.692185868371205,40.10644925964392,27400,XPH
2023-04-17,40.74229431152344,40.74229431152344,39.96193693084427,39.96193693084427,1333700,XPH
2023-04-18,40.40509796142578,40.69412164029833,40.09680946737788,40.69412164029833,22900,XPH
2023-04-19,40.66521835327149,40.70375533501827,40.17388469881095,40.270223478089065,51500,XPH
2023-04-20,40.55924606323242,40.568882146824656,40.37620090095996,40.568882146824656,12800,XPH
2023-04-21,41.01203918457031,41.06020856874287,40.67484982027395,40.67484982027395,34100,XPH
2023-04-24,40.80009460449219,40.94460645023446,40.51107458809655,40.94460645023446,55600,XPH
2023-04-25,40.077545166015625,40.80009708854059,40.077545166015625,40.69412589364513,45500,XPH
2023-04-26,39.74998092651367,40.019736094313394,39.55730338891331,40.019736094313394,65200,XPH
2023-04-27,40.144989013671875,40.17389359392631,39.56694885983856,39.961943822478915,42400,XPH
2023-04-28,40.53034210205078,40.674853944309,39.98120298161165,40.08717784258917,27000,XPH
2023-05-01,40.86752700805664,41.07947670671251,40.41473039059421,40.42436279731111,44300,XPH
2023-05-02,40.40509796142578,41.04094343978566,40.15461493817014,40.69412164029833,11800,XPH
2023-05-03,40.68449020385742,41.08912119543527,40.55924684038224,40.55924684038224,38300,XPH
2023-05-04,40.318389892578125,40.41473233983585,40.01010141153058,40.41473233983585,24300,XPH
2023-05-05,40.89643478393555,40.9831411515375,40.58814629359273,40.59777870106464,20300,XPH
2023-05-08,40.89643478393555,40.92533568143997,40.655584171162175,40.89643478393555,22100,XPH
2023-05-09,40.80972671508789,40.98313944306271,40.70375186187122,40.73265275817084,14100,XPH
2023-05-10,40.82900619506836,40.963881980891834,40.21242907410987,40.79046920623607,15600,XPH
2023-05-11,40.472537994384766,40.75192560545426,40.337662230444714,40.75192560545426,8200,XPH
2023-05-12,40.00046157836914,40.385820270593456,39.85594977185508,40.250944544560554,36500,XPH
2023-05-15,40.077545166015625,40.356932791413335,40.00047487199264,40.048644265143146,17300,XPH
2023-05-16,39.345359802246094,39.73072228751425,39.19121554315664,39.73072228751425,88000,XPH
2023-05-17,39.25865173339844,39.44169688470622,39.01780110926716,39.44169688470622,21500,XPH
2023-05-18,39.06597137451172,39.2875535126673,38.68061257231942,39.21048322226442,36000,XPH
2023-05-19,39.20083999633789,39.586202403403135,39.20083999633789,39.28754635417316,15400,XPH
2023-05-22,39.49950408935547,39.68254924868872,39.26828586301275,39.26828586301275,16000,XPH
2023-05-23,39.18157958984375,39.846329695384426,39.18157958984375,39.56694207639165,12400,XPH
2023-05-24,38.85402297973633,39.12377449253497,38.66134175269927,39.12377449253497,23000,XPH
2023-05-25,38.24707794189453,38.83475402351564,37.93878945237012,38.83475402351564,53500,XPH
2023-05-26,38.1314697265625,38.516828491317526,38.073664258059374,38.14110213376872,55300,XPH
2023-05-30,37.669036865234375,38.170006614028686,37.63050355770323,38.04476693314681,53300,XPH
2023-05-31,38.006229400634766,38.07366728169973,37.514892067059904,37.60159843915612,37600,XPH
2023-06-01,38.1314697265625,38.31451486418949,37.803912755221994,38.04476336135211,38000,XPH
2023-06-02,38.959999084472656,38.96963516834048,38.353058104010465,38.47829779357868,174600,XPH
2023-06-05,39.07560348510742,39.12377287109818,38.93109165204656,38.93109165204656,19900,XPH
2023-06-06,39.31645965576172,39.335728147903374,38.9407295716331,39.065972933009306,22800,XPH
2023-06-07,39.49950408935547,39.56694197306188,39.24902104631581,39.383896813728626,15000,XPH
2023-06-08,39.53803634643555,39.58620573259767,39.30681814773333,39.316454230018905,20900,XPH
2023-06-09,39.04670333862305,39.48987129519277,38.99853394717323,39.48023521184941,20600,XPH
2023-06-12,39.345359802246094,39.59584284510807,39.075608267611806,39.20084795149828,62100,XPH
2023-06-13,39.89449691772461,40.10644664130774,39.28755232070218,39.3260893022789,30400,XPH
2023-06-14,39.82706069946289,40.1931546895409,39.6536479502201,40.04864284014224,29500,XPH
2023-06-15,40.270225524902344,40.35693190069521,39.74035486176331,39.74035486176331,18000,XPH
2023-06-16,40.30875778198242,40.6652156517373,40.1738820299178,40.47253443089272,44900,XPH
2023-06-20,40.4962158203125,40.592840964775725,40.09038579035139,40.32228761146831,26900,XPH
2023-06-21,40.4962158203125,40.57351888469347,40.167685168719366,40.341613377563554,81600,XPH
2023-06-22,40.50587844848633,40.66048458330997,40.33195391883599,40.47689164121346,17200,XPH
2023-06-23,39.88746643066406,40.19667131105581,39.84881858512479,40.19667131105581,22300,XPH
2023-06-26,39.24972915649414,39.81982632046003,39.24972915649414,39.81982632046003,15400,XPH
2023-06-27,39.230411529541016,39.35602718454384,38.96952286409337,39.33670141561929,19200,XPH
2023-06-28,38.92120361328125,39.008167723764295,38.82457846208375,38.9501941074511,23700,XPH
2023-06-29,39.143436431884766,39.27871677640784,38.988834009870885,38.988834009870885,42700,XPH
2023-06-30,39.60725021362305,39.74252688179828,39.41399625079582,39.50096034976743,32600,XPH
2023-07-03,39.72320556640625,39.80050494858798,39.52995158193218,39.56860311602963,17000,XPH
2023-07-05,39.520286560058594,39.665224269302946,39.423657734549565,39.568599129806714,57100,XPH
2023-07-06,39.31736373901367,39.35601526515675,38.93085953562011,39.19175180806728,35500,XPH
2023-07-07,38.88256072998047,39.3753549616421,38.86323496007029,39.298051882001374,113400,XPH
2023-07-10,39.29804611206055,39.30771083860347,38.90187710210368,38.90187710210368,13200,XPH
2023-07-11,39.616912841796875,39.626573881619926,39.31736900310157,39.31736900310157,16300,XPH
2023-07-12,39.48164367675781,39.926125313407205,39.423666368754745,39.91646427174683,32600,XPH
2023-07-13,39.48164367675781,39.80050965574069,39.4429921380891,39.684558725748154,37800,XPH
2023-07-14,39.877803802490234,39.96476790201253,39.64589830842653,39.82949123298069,26100,XPH
2023-07-17,39.684547424316406,39.86813665168955,39.67488638540732,39.848814573871365,14600,XPH
2023-07-18,39.868133544921875,40.10970004496288,39.67488329369888,39.868133544921875,33700,XPH
2023-07-19,40.206329345703125,40.29329343421631,39.9357760418898,39.9357760418898,19200,XPH
2023-07-20,40.418914794921875,40.631490841281334,40.38026326430639,40.43823687421678,19900,XPH
2023-07-21,40.911712646484375,40.989012028763746,40.44790529476862,40.57352093773741,55400,XPH
2023-07-24,40.863399505615234,41.259568510092386,40.863399505615234,40.93103784642744,34200,XPH
2023-07-25,40.679805755615234,41.037326905390415,40.679805755615234,40.805421394347405,13600,XPH
2023-07-26,40.97935485839844,41.03733216509333,40.60251157991544,40.61217262135783,20800,XPH
2023-07-27,40.63149642944336,41.16294214745247,40.54453231660454,41.09530380257931,12300,XPH
2023-07-28,42.061561584472656,42.071226309508994,41.82965978777688,41.82965978777688,92900,XPH
2023-07-31,42.24515914916992,42.27414595544378,41.97460210856624,42.07123093950077,34800,XPH
2023-08-01,41.77168655395508,42.2258328384584,41.74269974805502,42.15819450068297,17900,XPH
2023-08-02,41.53012466430664,41.7716912365881,41.520463623261264,41.53978939136539,16900,XPH
2023-08-03,41.67506790161133,41.76203201887004,41.327211432576505,41.44316236025027,21800,XPH
2023-08-04,41.63640975952149,41.91662783579846,41.607422953704194,41.83932477226842,18500,XPH
2023-08-07,41.64606475830078,41.92628279392948,41.62674268123407,41.80066717692137,20600,XPH
2023-08-08,42.49638748168945,42.51571324821476,41.83932616388145,41.83932616388145,27200,XPH
2023-08-09,42.11954498291016,42.50605294812036,41.98426830089053,42.3707725800876,24600,XPH
2023-08-10,42.0325813293457,42.53504021514452,42.0325813293457,42.31279942285117,14400,XPH
2023-08-11,42.1678466796875,42.29346228887972,41.79100353812302,41.92628018524748,14500,XPH
2023-08-14,42.02291488647461,42.07122745493387,41.91662502425663,42.07122745493387,123400,XPH
2023-08-15,41.94561767578125,42.109884854658496,41.79101522355083,41.81034099083129,30400,XPH
2023-08-16,41.472145080566406,41.8586530493785,41.472145080566406,41.800675748252736,21600,XPH
2023-08-17,41.21125793457031,41.559110695896145,41.21125793457031,41.559110695896145,18900,XPH
2023-08-18,41.41416549682617,41.49146486784027,41.00833181946109,41.00833181946109,38500,XPH
2023-08-21,41.549442291259766,41.67505791631688,41.46247819483755,41.46247819483755,12300,XPH
2023-08-22,41.69438171386719,41.81999364698641,41.51078880451798,41.60741762154717,47000,XPH
2023-08-23,41.87797546386719,42.0035910965769,41.75235983115748,41.91662699485677,9700,XPH
2023-08-24,41.52045822143555,41.84898886443692,41.423829393486386,41.829663098847085,10400,XPH
2023-08-25,41.80067443847656,41.93595480353116,41.35619286847919,41.57843365347788,17700,XPH
2023-08-28,42.061561584472656,42.167851443796806,41.88763339394452,41.88763339394452,24300,XPH
2023-08-29,42.477054595947266,42.52536716115673,42.22582704525058,42.26447857182313,24900,XPH
2023-08-30,42.477054595947266,42.53503188580609,42.26447857182313,42.4287420307378,42200,XPH
2023-08-31,42.23549270629883,42.679974252491554,42.23549270629883,42.53503654100064,45100,XPH
2023-09-01,42.63166809082031,42.81526104672637,42.506056125847486,42.506056125847486,9100,XPH
2023-09-05,41.80067443847656,42.55436458544282,41.80067443847656,42.55436458544282,459300,XPH
2023-09-06,41.44315719604492,41.868316687892424,41.2885547497403,41.868316687892424,23100,XPH
2023-09-07,41.44315719604492,41.53978602874348,41.423831429505206,41.53012130246709,34900,XPH
2023-09-08,41.549442291259766,41.684718955469286,41.47213923398996,41.53978125210736,13700,XPH
2023-09-11,41.76202774047851,41.9746038051004,41.68472467260645,41.68472467260645,11400,XPH
2023-09-12,41.82966613769531,41.86831767168294,41.597760619782704,41.733037302726245,8600,XPH
2023-09-13,41.346527099609375,41.877972714784306,41.33686237448998,41.78134757966619,61900,XPH
2023-09-14,41.44315719604492,41.6847237487717,41.44315719604492,41.58809860208622,37800,XPH
2023-09-15,41.00833511352539,41.40450409757877,41.00833511352539,41.36585625197358,18500,XPH
2023-09-18,40.65949249267578,41.10523438328214,40.64011192832794,41.10523438328214,25000,XPH
2023-09-19,40.37848663330078,40.40755933293578,40.01026693826697,40.38817876533422,23700,XPH
2023-09-20,40.15561294555664,40.640116013562,40.12654394434514,40.485075179658885,41100,XPH
2023-09-21,39.41917037963867,39.91336188846443,39.41917037963867,39.91336188846443,16000,XPH
2023-09-22,39.25442886352539,39.5160609099718,39.225359868297225,39.5160609099718,26800,XPH
2023-09-25,39.12846755981445,39.24474725741885,38.92497346842559,39.099394863064646,11700,XPH
2023-09-26,39.0703239440918,39.37071715265494,39.04125494523447,39.04125494523447,7700,XPH
2023-09-27,38.75056076049805,39.1963027391044,38.54706664290348,39.1963027391044,38800,XPH
2023-09-28,38.8668327331543,38.99280455296679,38.556751097050224,38.76992991158135,60800,XPH
2023-09-29,38.51799011230469,39.128464952868306,38.4986095479177,39.128464952868306,130500,XPH
2023-10-02,37.98503875732422,38.51799135756996,37.82030580294146,38.51799135756996,49400,XPH
2023-10-03,37.40363311767578,37.80092546164276,37.21952329365468,37.78154859297935,63600,XPH
2023-10-04,37.2389030456543,37.423012865655274,37.06448165977348,37.36487486800483,19900,XPH
2023-10-05,37.55867004394531,37.57805060706201,37.15168930788799,37.15168930788799,36100,XPH
2023-10-06,37.83968734741211,37.91720960947292,37.26797360234081,37.45208712650278,22000,XPH
2023-10-09,37.86875915527344,37.88813602386902,37.38425611815765,37.63619607101333,38200,XPH
2023-10-10,38.04317092895508,38.111004744345024,37.810611577342456,37.810611577342456,47100,XPH
2023-10-11,37.88813400268555,38.16914663637334,37.5974329352168,38.16914663637334,18400,XPH
2023-10-12,36.87068557739258,37.90752192711171,36.793167002699505,37.90752192711171,132000,XPH
2023-10-13,36.6284294128418,36.67687897798286,36.11485736870973,36.67687897798286,30600,XPH
2023-10-16,37.17107772827149,37.28735743508657,36.7253357717593,36.75440477434676,24000,XPH
2023-10-17,37.11293411254883,37.40363521282639,36.95789327930313,36.95789327930313,38100,XPH
2023-10-18,36.25051498413086,36.967581063867776,36.16330429465562,36.967581063867776,21700,XPH
2023-10-19,35.66911315917969,36.22144629845893,35.6206599006925,36.17299673643638,30900,XPH
2023-10-20,35.581905364990234,35.853225891571185,35.543144233631544,35.64973549663547,35400,XPH
2023-10-23,35.06832504272461,35.51407060229424,35.058636609380784,35.455928912837905,20100,XPH
2023-10-24,35.55282974243164,35.64004043257925,35.223367545925626,35.223367545925626,17700,XPH
2023-10-25,35.213687896728516,35.388109320535925,35.058647041840324,35.388109320535925,72800,XPH
2023-10-26,34.85514831542969,35.22336794784149,34.85514831542969,35.0973998245523,18300,XPH
2023-10-27,34.28343963623047,34.835772862353146,34.21560949944103,34.835772862353146,76000,XPH
2023-10-30,34.3900260925293,34.70979616455779,34.196224144636275,34.70979616455779,31100,XPH
2023-10-31,34.719482421875,34.738859286568285,34.17683779886101,34.264048475837114,26300,XPH
2023-11-01,34.864837646484375,34.96174047050571,34.603205566323936,34.70010839034527,38800,XPH
2023-11-02,35.32027053833008,35.56252204586806,35.029569468577435,35.029569468577435,55300,XPH
2023-11-03,36.172996520996094,36.34741420394553,35.756323636447476,35.756323636447476,85200,XPH
2023-11-06,35.84353256225586,36.347412415250425,35.80477143619029,36.27958229286791,51900,XPH
2023-11-07,35.76601791381836,35.95012775707404,35.329964394038875,35.42686722980388,41000,XPH
2023-11-08,35.50437927246094,35.969501709198234,35.35903059024184,35.969501709198234,27400,XPH
2023-11-09,34.17684555053711,35.320273042914756,34.11870385387785,35.320273042914756,45900,XPH
2023-11-10,34.16714859008789,34.293120400144694,33.789236856381876,34.293120400144694,50800,XPH
2023-11-13,34.109012603759766,34.15746216541069,33.59543690015907,33.915210660691464,65200,XPH
2023-11-14,35.03925704956055,35.18460942913124,34.709794859469596,34.709794859469596,25300,XPH
2023-11-15,35.43655014038086,35.82415403008072,35.029569383014184,35.029569383014184,27500,XPH
2023-11-16,35.05863571166992,35.630349372392295,34.72917353944916,35.630349372392295,31700,XPH
2023-11-17,35.494693756103516,35.494693756103516,35.136158844940816,35.26213067038892,87300,XPH
2023-11-20,35.74663162231445,35.78539275041337,35.43654999045235,35.43654999045235,127400,XPH
2023-11-21,35.43655014038086,35.736943339721485,35.43655014038086,35.63035208523079,31300,XPH
2023-11-22,35.64004135131836,35.85322386527792,35.46561996652686,35.60128391861504,25800,XPH
2023-11-24,35.959815979003906,36.06640723852323,35.69818389558324,35.69818389558324,15500,XPH
2023-11-27,35.74663162231445,35.94043356634443,35.57221024233394,35.94043356634443,46200,XPH
2023-11-28,35.50437927246094,35.717561775473065,35.35903059024184,35.717561775473065,42900,XPH
2023-11-29,35.63035583496094,35.94043750076789,35.5237645692526,35.64004426981395,25000,XPH
2023-11-30,35.85321807861328,36.0276394352534,35.62065503760508,35.75631896779728,106600,XPH
2023-12-01,36.44431686401367,36.44431686401367,35.69818178789642,35.717562351797916,70900,XPH
2023-12-04,37.10324478149414,37.15169434762599,36.30866006824396,36.30866006824396,99800,XPH
2023-12-05,37.0063362121582,37.17106914721024,36.773776852215114,36.9288176576653,43000,XPH
2023-12-06,36.948204040527344,37.248593569143566,36.91913134360661,37.2292130033514,47900,XPH
2023-12-07,36.95789337158203,37.08386520405402,36.54122043810665,36.909443804158975,49800,XPH
2023-12-08,37.04510116577149,37.33580224397276,36.89975247490323,36.94820203852598,33200,XPH
2023-12-11,37.229217529296875,37.229217529296875,36.95789696815206,37.07417668057621,23200,XPH
2023-12-12,37.63619613647461,37.645884570789256,36.880372580128096,37.238903793207236,33700,XPH
2023-12-13,38.828067779541016,38.828067779541016,37.3454898719393,37.42300842509656,55300,XPH
2023-12-14,38.90559005737305,39.37071246604684,38.68271543778156,39.186598971294245,150600,XPH
2023-12-15,38.605201721191406,38.90559493163091,38.353261771103114,38.90559493163091,48800,XPH
2023-12-18,38.7064208984375,38.764817639256066,38.4144446197043,38.764817639256066,123100,XPH
2023-12-19,39.43635940551758,39.44609033831573,38.88160341903742,38.88160341903742,199900,XPH
2023-12-20,38.696678161621094,39.58234145913083,38.696678161621094,39.39742405421923,89400,XPH
2023-12-21,39.33903503417969,39.35850061419718,38.98866573190403,38.99839666557289,92300,XPH
2023-12-22,39.9229850769043,40.0689713352721,39.611543270504626,39.611543270504626,55700,XPH
2023-12-26,40.25389862060547,40.34149187410279,39.90352560661618,39.991118860113495,35900,XPH
2023-12-27,40.79892349243164,40.80865813958461,40.30256415535238,40.39015741632873,49100,XPH
2023-12-28,40.70159912109375,41.071437745026785,40.60427492606509,40.769726800149826,78600,XPH
2023-12-29,40.50694274902344,40.67239831834962,40.3122906668019,40.67239831834962,59700,XPH
