date,ppo_price_only,buy_hold_equal,equal_weight_monthly,momentum_20d,xph
2022-01-04,999729.1425100097,994242.5571683424,994242.5571683423,1000000.0,985410.8542378774
2022-01-05,999015.0056378021,998457.3195675104,998457.3195675103,1000000.0,966745.4911943111
2022-01-06,1003704.9311941986,993318.6697516119,993318.6697516117,1000000.0,963312.4862137875
2022-01-07,1000487.7341601867,999963.5757056482,999963.575705648,1000000.0,963956.2179324473
2022-01-10,1008579.789802803,1014385.0752632698,1014385.0752632697,1000000.0,979618.0478965486
2022-01-11,1017276.3478507233,1018978.7989299236,1018978.7989299236,1000000.0,984981.728615312
2022-01-12,1013789.4044750214,1007180.0877936344,1007180.0877936345,1000000.0,965243.5948001436
2022-01-13,1009172.1439634095,1006188.0223466216,1006188.0223466216,1000000.0,945290.854888881
2022-01-14,1003690.7857827606,1010821.465330872,1010821.465330872,1000000.0,947007.0976702729
2022-01-18,1000335.8510297851,1003493.8333613914,1003493.8333613916,1000000.0,927483.4833815757
2022-01-19,992706.5635425949,994366.6778592395,994366.6778592395,1000000.0,926625.0589971982
2022-01-20,984623.283918026,985324.0969202882,985324.0969202882,1000000.0,917614.2000499333
2022-01-21,977316.9023288765,975711.5655137731,975711.5655137731,1000000.0,904097.911629036
2022-01-24,972848.5355110664,969305.6302838529,969305.6302838529,1000000.0,907959.6093840087
2022-01-25,962053.8027030373,975167.0141646017,975167.0141646017,1000000.0,907316.2239438419
2022-01-26,976453.1292158623,971495.7239985275,971495.7239985273,1000000.0,900236.1273044401
2022-01-27,972722.7935756875,982407.9764674623,982407.9764674624,1000000.0,891439.6147443997
2022-01-28,983771.8285285835,998678.2717126699,998678.2717126698,1000000.0,910748.6229370026
2022-01-31,995342.4181635398,994329.8254514877,994329.8254514876,1000000.0,934777.8398385788
2022-02-01,993106.306530735,997789.6115771256,997747.5606713413,1000000.0,944432.5170741268
2022-02-02,992461.8153826676,995101.7336893687,994760.6481348983,1001311.390458244,943359.5731632783
2022-02-03,989146.8880693589,983739.7199938905,983527.5123109182,990422.1717398159,922119.7160931891
2022-02-04,975508.8764227486,980205.7631761334,979784.7822512566,992153.83675115,931345.1811365483
2022-02-07,965566.4662256393,983286.4666658663,982771.8989605751,1007272.4540723374,938854.3168288922
2022-02-08,961115.0998163376,989563.8505030562,988866.6397745236,1008452.648942905,935206.9654611442
2022-02-09,955079.8193455543,990283.5349042268,989579.2830745446,1008103.0903502564,956017.8700479146
2022-02-10,951914.1754704323,974328.9530747238,973276.0368140276,991942.1685401741,950654.5356076444
2022-02-11,940267.1910611,971064.1976646604,969851.8456066079,991606.8717578759,942930.5341103361
2022-02-14,938942.4206829872,964851.3421786763,963418.4736948977,994544.3768934819,932203.345812056
2022-02-15,928401.4178982582,973711.2114016009,972108.3287825672,1007810.1046693216,954730.8394587113
2022-02-16,937050.5769825783,971949.1419075694,970364.675467604,1008669.626179538,955803.2639518202
2022-02-17,936437.8354740944,963187.9471841854,961458.8154360326,1003499.74245179,935421.7446964852
2022-02-18,927179.9557324257,959198.7093915346,957376.5621083406,998539.4475125419,929414.1591198156
2022-02-22,922111.6408825722,956133.1390172059,954193.3304236385,1002435.2444214144,914825.0999273162
2022-02-23,913506.9857045021,956678.2988289695,954595.8376955927,1010134.2507791982,900450.5602612878
2022-02-24,912701.1805325355,940238.4235685066,938163.0471740734,998835.2731994817,913966.9352518085
2022-02-25,893580.1081921806,969306.6817605206,967004.0275930538,1026167.7308690192,940141.6936965887
2022-02-28,924718.0203015556,965343.7139556668,963016.2703433227,1019963.9545276588,928985.2932061199
2022-03-01,918335.9790570488,960442.9734426497,957906.0032726384,1018710.7635039265,926196.2796531259
2022-03-02,912605.8581235161,971274.768951271,969217.4217995611,1028532.1407547313,946577.7989084609
2022-03-03,926411.1850354424,980270.0995832608,978272.092069919,1037826.5286538303,934777.8398385788
2022-03-04,934591.4907300224,984078.8014276153,982200.999146016,1039824.4271957041,931559.6140933961
2022-03-07,941681.5069958916,978362.9629021056,975857.020081617,1036478.48353906,918043.1525332523
2022-03-08,938818.4178387871,964107.3359354223,961700.4374282685,1021181.037294371,913108.8571459241
2022-03-09,925621.6890561333,970629.3616308011,968230.8162206927,1027580.3079499393,940570.7327495308
2022-03-10,931590.1587979546,966684.4220449985,963947.7174284317,1029551.2647274594,941857.9364779807
2022-03-11,929978.8655163994,970949.8454280356,968415.0096351893,1033185.5020280491,937137.9009082539
2022-03-14,934024.7984311333,980740.0913996086,978490.2759035382,1042991.8159851062,905170.5092613916
2022-03-15,947726.3903653374,993331.6696199351,990585.0227605823,1062495.1458298997,917399.5939538389
2022-03-16,959442.3903043022,995592.2788541466,993438.6876502236,1063730.6934187135,940785.1657063788
2022-03-17,955358.3615414848,1010919.469242936,1008983.4728148157,1082978.6131459333,967388.9632041011
2022-03-18,970548.0719907036,1014213.6722311054,1012395.2079238396,1082162.1241350642,978116.3246416277
2022-03-21,969128.8504941216,1014556.5705379401,1012461.1974603223,1081356.1592706675,968875.3636357026
2022-03-22,970704.8654629936,1014024.6855648631,1011854.8120031088,1071200.5659023707,979430.1052444224
2022-03-23,967968.1208493462,1008104.4084615539,1005285.113251804,1060583.476554266,971460.3325866414
2022-03-24,961931.6524731865,1018340.4638960559,1015313.7537113088,1069268.7434101684,979860.9622594535
2022-03-25,968185.3488156548,1023894.9897190531,1020275.1754482071,1077377.1247092912,978999.5079382613
2022-03-28,974333.8111188164,1027480.0106091163,1024105.5047154449,1080908.9367249743,974260.5136210377
2022-03-29,977881.8594281425,1031868.3307971782,1028722.7897109961,1076823.577667505,990846.5608832041
2022-03-30,982291.2078549614,1033430.8776426897,1029294.9363934632,1081992.5459104145,981153.187026053
2022-03-31,984743.6638409843,1026795.2825293371,1022605.0607504947,1071525.5536133114,975122.2276510994
2022-04-01,976549.8036648979,1032751.9091256564,1028087.5677867983,1077800.5268419439,990200.3186454693
2022-04-04,983842.0117184868,1032466.5565937697,1028237.3945543615,1075063.566334007,993431.2701252733
2022-04-05,982374.8149106255,1033256.5391996319,1027887.9180179781,1082567.7224046362,982445.844640769
2022-04-06,982866.731536602,1055226.2853432216,1049542.4779059237,1104467.410937427,992139.0453586733
2022-04-07,1004181.8582684746,1073227.817366882,1066967.9167976277,1131303.5032381655,1000324.0300999116
2022-04-08,1016982.0687405815,1081660.1065513042,1075741.0348970979,1141272.1672653006,993000.326540619
2022-04-11,1025496.6967999687,1064647.8020764308,1059117.136450418,1119349.564852596,969091.0085672762
2022-04-12,1012604.9957349052,1056754.7025042246,1051114.1881305657,1109749.9353847096,963059.6163442064
2022-04-13,1005869.7713620415,1057940.9956106422,1053798.8201673063,1117844.234025676,978353.1791309033
2022-04-14,1010561.9984128227,1062314.6779145221,1057172.00069175,1125070.5670951407,973829.74317563
2022-04-18,1011207.1504666557,1050527.1701310922,1045773.2856884928,1114683.0553038423,942811.9337264516
2022-04-19,999639.2404935112,1055062.0920565764,1051846.5319204994,1113903.7114364957,950781.792953856
2022-04-20,1008098.9828259697,1059156.8555644166,1055449.2285013313,1116023.6931513918,948412.2957952442
2022-04-21,1013701.6644131889,1058521.3398513703,1054182.5921135885,1115754.229613869,927087.6870639705
2022-04-22,1010638.3295361748,1035517.3189682672,1030878.8052368377,1090157.0828370543,907486.1601143272
2022-04-25,993314.1866681328,1047900.6112740287,1043619.1840965416,1096572.9822546067,913732.7644208544
2022-04-26,1008259.3322217216,1037791.3318257814,1032768.759313674,1084767.6720078618,894346.4495546686
2022-04-27,999463.560531353,1038228.7927907903,1033110.8264328042,1083020.8540932813,896285.1762678728
2022-04-28,995862.0360181084,1045196.4107917408,1040220.4684100953,1091278.171412568,903824.4381891158
2022-04-29,1015498.0030667534,1019003.8058758017,1014560.8251951126,1068804.7637837227,889607.801515938
2022-05-02,998518.2867047539,1015248.9436743635,1011065.1125426472,1059427.9707319112,892407.9825503342
2022-05-03,992823.8900143852,1017679.4401965048,1013685.7597810643,1056483.2812987892,897146.8902979346
2022-05-04,992930.9180905571,1034170.3237457119,1030363.16774677,1071195.0850893161,905978.4635554006
2022-05-05,1008796.5022732964,1021738.7956254028,1016508.6077034301,1063948.6522401818,876899.1211105566
2022-05-06,994696.0637891045,1021884.8285489406,1015791.4373309733,1066450.7132388372,853204.8420814247
2022-05-09,996414.6005627861,1017177.2399147118,1010918.9293622099,1065573.2024425305,821756.3487564619
2022-05-10,996097.9136044731,1025085.2619601953,1019777.7127869934,1064507.629240088,839850.2657168016
2022-05-11,999015.9389950981,1021967.678005869,1015646.4194478344,1080156.1163406423,822402.67756382
2022-05-12,997827.6247555962,1038719.1627414352,1033255.7056232849,1100017.6926950125,842434.8018196243
2022-05-13,1017535.4440915337,1035985.6406545346,1031139.8063578227,1095409.5280670994,865267.2802490712
2022-05-16,1012435.4236829033,1046584.3901988454,1040905.3117674903,1105838.814871779,879699.3021449528
2022-05-17,1023256.0936352959,1056568.058887739,1051332.4501621106,1114908.9218832238,903393.4080348384
2022-05-18,1032295.1016614189,1041485.3258953448,1036113.6517706455,1097341.4774275478,875606.6366350874
2022-05-19,1020466.4484631767,1037241.3928156663,1032217.9140172485,1099270.2363172595,879914.6007980334
2022-05-20,1018471.4149243584,1051633.2464829942,1047750.8917087963,1127734.1762648607,892407.9825503342
2022-05-23,1036469.7876584282,1054326.682228331,1050422.9110189609,1129982.7998781106,891977.03896568
2022-05-24,1044591.2456357231,1064597.579816387,1060962.7093249366,1141092.1268669378,879914.6007980334
2022-05-25,1055065.626006817,1067089.4513528806,1063715.0957634114,1143552.88184016,884868.8937683377
2022-05-26,1051765.2088849298,1064680.5398381995,1061688.358561935,1136518.8403387705,894992.8649316499
2022-05-27,1045134.6237179985,1066283.1434712757,1063938.127315118,1140444.337841966,912655.6651680886
2022-05-31,1051856.7177350274,1055311.4550330006,1052752.6371566022,1136806.8416734743,905116.7495253388
2022-06-01,1042908.0275037041,1046729.8759509936,1044383.9891857483,1126652.5763205255,891331.0564368151
2022-06-02,1034166.8027951469,1040124.3416809875,1037695.9483810004,1113662.838453001,902316.2222124494
2022-06-03,1025244.5614087334,1042361.8374609823,1040321.2924580637,1117522.7111534453,907701.4587674078
2022-06-06,1025015.2822720757,1035967.674601159,1033219.2397070257,1105093.2742807472,901024.1705850965
2022-06-07,1019861.5926434746,1048690.0998095502,1046092.2420682594,1118063.9448916665,921271.853202851
2022-06-08,1029526.4511487236,1046523.0027990354,1044930.3783428668,1123744.89175299,912871.1369604159
2022-06-09,1022006.7904278984,1027175.2576639858,1024927.4825208789,1098042.1060735635,890469.25583713
2022-06-10,1001062.9269635429,1012832.7625415318,1009980.9062874843,1074070.4708988497,868713.8766604485
2022-06-13,989284.4517438164,989376.04570162,986076.3236025756,1043636.4275466233,833603.4017014048
2022-06-14,966733.2632367363,983950.2994561269,981086.8271855308,1042592.7911190767,830372.3636519776
2022-06-15,960388.2098233452,990135.5087975822,987922.0543850622,1042592.7911190767,848250.6356807436
2022-06-16,967987.2420117607,981652.0710797075,978430.8991161863,1042592.7911190767,829510.8227611624
2022-06-17,963783.1654431572,989066.8646403415,986825.4903964325,1042592.7911190767,844588.7406162856
2022-06-21,961879.0116116753,1019494.8736616,1016941.9466278898,1068138.7629071968,859838.7588824761
2022-06-22,992418.518645977,1032333.9623839498,1029772.1140777032,1067912.5693535577,871952.4462671005
2022-06-23,1007857.40091679,1052114.7108129296,1049533.1462578243,1089418.4964263164,902019.7212527386
2022-06-24,1032144.2144009819,1067054.9930214575,1064185.6140148162,1101850.6647523714,912835.1239971342
2022-06-27,1047132.9725720634,1072649.7155433258,1069416.2600301453,1108355.634910645,940739.3703756671
2022-06-28,1051418.230720257,1051175.9625424764,1046945.3611722948,1072733.1554086618,915431.0007206054
2022-06-29,1027037.7441022148,1056501.6160017245,1052634.7347262965,1074240.394768427,918242.7820845203
2022-06-30,1031154.4859921684,1052519.6130127853,1049315.403439652,1065593.5607923588,908508.9802133007
2022-07-01,1029026.6811749687,1061730.8928266594,1059210.7315205482,1077991.5007038794,922136.7703089738
2022-07-05,1038912.3572613945,1059502.314167013,1057227.414437416,1081755.6347166898,938143.5802218191
2022-07-06,1035216.7462002983,1063739.338619535,1062266.923686696,1086150.5373724706,944416.761402691
2022-07-07,1041839.5219113579,1064671.9442085999,1064014.602709301,1087745.0798251014,956097.7738101957
2022-07-08,1043627.9580228081,1066100.6612710273,1065389.7715099796,1090273.5197062574,953285.4730285413
2022-07-11,1042107.937484478,1066245.5004004978,1064562.6681076824,1091250.936188844,933601.185519049
2022-07-12,1046348.289550518,1058620.855120015,1057039.080739167,1087263.7770706029,924299.6257768326
2022-07-13,1035653.0314938774,1056496.757071002,1054912.8366155329,1085419.7245949493,925380.9669411386
2022-07-14,1035244.9028241386,1052477.725755594,1050726.0660556771,1084685.6464427104,922352.9346582872
2022-07-15,1032622.3748471489,1067897.8973663894,1065725.3897370778,1101111.3098295196,934466.3623340416
2022-07-18,1045097.3489682426,1043489.4243442104,1041777.5953122949,1076792.039467511,916512.4284545348
2022-07-19,1019262.7737271538,1049095.2009406062,1048804.149271449,1087191.4120115319,940090.5310492342
2022-07-20,1020808.9056317558,1032117.4460291013,1030864.8512759758,1056634.3734783956,940955.707864227
2022-07-21,1005514.3497922173,1036488.4943068168,1035724.8293357949,1056937.5734073797,945714.6997644268
2022-07-22,1007314.8847577324,1033506.4845743224,1031764.6586234818,1044388.4721869753,924732.3873235754
2022-07-25,1008248.7483746757,1039236.9945480978,1037532.2113909321,1055378.200660437,923218.1980429032
2022-07-26,1011754.4499127617,1047638.9187618783,1045878.8869670668,1065204.0586234161,927111.7534192405
2022-07-27,1017800.3867642632,1050985.3105151306,1049038.013766302,1062869.9258441625,935980.4650450906
2022-07-28,1016715.4743268242,1044826.3844996245,1043085.1391721015,1055818.336018139,932519.5846458732
2022-07-29,1009678.6871869316,1033784.3690455349,1032849.7696532399,1052561.2290859632,927328.0909078002
2022-08-01,1005143.398383831,1024505.7867654735,1023389.7872007269,1033786.4711972327,910888.6060178354
2022-08-02,1000813.6900708427,1018501.7178322007,1017474.0808772417,1025479.327367416,923650.613311153
2022-08-03,992799.8433377495,1029214.7821331343,1029643.819653747,1024453.8480400486,933601.185519049
2022-08-04,1006182.0842663994,1023030.9961285767,1024242.2539401327,1022766.6669220842,936413.2265918335
2022-08-05,996832.5865857353,1019940.2499778753,1020710.4343529713,1021743.900255162,956313.9381595091
2022-08-08,993114.3877026787,1028544.6620186454,1028622.3832085703,1021743.900255162,953934.4854942207
2022-08-09,998074.1439511528,1034341.8125250346,1033994.4515179951,1020862.9010645758,936629.5640803934
2022-08-10,1003832.643142437,1040860.7700582149,1041261.9252223292,1035585.3969300754,959991.1560472866
2022-08-11,1008102.6250760307,1029571.9648195129,1029286.0905268895,1021606.3165846227,945282.024787307
2022-08-12,993468.3177945366,1040911.2971021164,1040764.9585853647,1028764.7230780403,959125.8060930471
2022-08-15,1004743.9089276543,1045501.6068866107,1046965.5397215028,1057846.8546300817,957828.040870558
2022-08-16,1015296.6738965263,1046215.4808158946,1047520.5740058314,1056343.718225254,944632.839182381
2022-08-17,1018719.4977338066,1043511.378548699,1044166.0403876404,1055153.6079409786,934033.8604961686
2022-08-18,1017586.1049039116,1038345.0496412078,1038474.2821908651,1046042.2544605727,934899.2104504079
2022-08-19,1012432.8415829887,1045388.7057942466,1044904.0200188347,1053364.0859436076,955664.9256938295
2022-08-22,1021774.6287762871,1032578.5593630829,1031684.9277227911,1033292.8848176907,948310.4033486516
2022-08-23,1013095.893432354,1017885.7453705965,1016945.7424059345,1017124.2628374229,947012.6381261625
2022-08-24,1001916.5015179863,1013453.3698787342,1012429.0630191108,1014810.9772348347,956962.8640555652
2022-08-25,998337.883010601,1017724.0535387273,1017262.0052661512,1014332.3479289666,963019.5346086309
2022-08-26,1003382.0987851372,999828.0087187837,998624.6456336702,997928.7904705642,934466.3623340416
2022-08-29,986954.9243771782,983670.21211715,984081.2940317271,998209.54665085,914133.1489284931
2022-08-30,977116.5560223808,981406.3103979428,981649.9570160588,999008.7508163123,899640.2685874504
2022-08-31,972567.4682538261,978102.322572775,978723.098434298,1014513.353320262,898775.0052028344
2022-09-01,966717.7985684624,1002267.3111716014,1002933.1059342149,1038169.8244139318,910023.2560635961
2022-09-02,989943.8141171684,987971.8169116285,988163.1928852752,1022718.516577266,902668.5605791715
2022-09-06,975076.1049344292,988544.7266364049,988442.8486847756,1014473.2365101433,895962.8775604265
2022-09-07,975210.3332822075,999062.8643326702,999740.6642426031,1036878.6568564902,916728.852512718
2022-09-08,984576.4727399101,1010762.1484780739,1012373.0944106885,1041839.6269818374,931221.7328537608
2022-09-09,992843.4408642998,1018610.6616635215,1020687.6328460464,1044720.1678369035,945282.024787307
2022-09-12,995955.1572949638,1024724.911301879,1027113.3219052205,1044283.050815987,955016.0863673966
2022-09-13,1008389.4023129692,992805.3495417234,994425.0140056582,1007347.1638542194,925813.7284878815
2022-09-14,978645.4375607719,999507.9747365717,1001054.0228601642,1006339.8166903652,934682.6132529783
2022-09-15,992626.8231351128,1005285.1718648588,1006626.7277272048,1006339.8166903652,927544.5149659833
2022-09-16,991414.357658123,1013738.4032778244,1015032.480448215,1016267.898464304,914133.1489284931
2022-09-19,1002072.8970410576,1006236.074305991,1008061.0554504644,1010095.2481164786,910053.6420013651
2022-09-20,994776.0536648979,994358.0350062997,995544.6478298913,996764.8014640126,902025.0019997583
2022-09-21,983590.3270566216,980533.7587507803,981216.7411343527,983297.4471104805,879241.3488378375
2022-09-22,968715.0070111504,998467.7239205604,998260.3294698722,994848.7870270589,887703.8757912896
2022-09-23,987872.6413495293,991873.6316707585,991329.936654887,990649.3314490292,863835.0724016387
2022-09-26,981483.0434415092,984612.1740712329,983983.0436131759,976535.0744181765,859061.190526236
2022-09-27,974790.7108533134,986051.3703126034,985852.4163894375,976428.3086252282,861448.0881791257
2022-09-28,973929.5779874077,1041186.6475782599,1049443.6481283882,996997.0563420322,884232.0010499164
2022-09-29,985699.6858288994,1027174.4599735327,1034061.5482481391,975597.5149150931,873165.4598284052
2022-09-30,977913.5226361504,1012401.5201472668,1019989.9971082326,956742.230917744,871429.479172907
2022-10-03,967689.6798245659,1020859.7180740945,1027704.0352033378,947504.296037429,879458.2923137601
2022-10-04,976027.80716679,1038081.5592983941,1045552.5820478102,956705.6736872784,901808.0585238356
2022-10-05,995353.4860913506,1036455.5995953399,1043778.0717678448,950961.45138218,898336.1837824623
2022-10-06,993950.2699048271,1023657.6073030632,1030455.4802590363,941305.6034415379,900289.1944835065
2022-10-07,979792.4447629204,1013842.0064272848,1020141.9411127832,929856.4176853775,882929.9073462636
2022-10-10,972632.6038129082,1015018.1940467436,1020795.3607173843,930262.9093971129,871212.6222666076
2022-10-11,982612.894187664,1032856.8994579136,1038629.8407215831,931275.7448815524,874684.4970079807
2022-10-12,993871.8555295219,1029662.0835935534,1035679.8994707254,929283.9371206717,873382.3167347044
2022-10-13,990776.479911541,1057552.6136444705,1063257.7848063018,962804.1717550152,885750.9516598686
2022-10-14,1009530.9440610161,1052541.279370562,1058296.89510672,955007.3081877423,881410.9567363113
2022-10-17,1005720.8942410698,1065928.1457599576,1071603.8765123948,969639.2250713268,894430.4220892437
2022-10-18,1019809.9233243217,1069031.3637564604,1074899.1179853578,971162.2130697527,904412.1593615179
2022-10-19,1023575.4470135918,1054506.9068451046,1060120.5553455362,954514.1595306552,879458.2923137601
2022-10-20,1010906.3559796562,1050603.172516873,1056412.746900417,950308.0160305756,870344.67522367
2022-10-21,1009824.9862515678,1078265.1594119805,1084756.3987828828,971354.5971583909,887052.8722242749
2022-10-24,1038254.4181973686,1100460.8546761058,1106905.1257913387,997632.0703054596,891392.6074389623
2022-10-25,1054777.902923321,1099233.258279367,1105909.5669762637,995817.1743173201,901157.1415264441
2022-10-26,1057851.0480420343,1118119.9757574266,1124664.5631003277,1015047.1948079763,912440.626223878
2022-10-27,1068965.8374707452,1118854.7730524628,1124762.969769737,1016702.7128952863,899855.2209620378
2022-10-28,1070883.2027356378,1148491.2411696184,1157259.6087079742,1072333.9599718822,919384.0294281314
2022-10-31,1117140.2783734552,1142887.6357765081,1150648.6375756504,1065690.012862924,918299.2254788943
2022-11-01,1111611.9455334893,1144895.7898448785,1154049.8541251353,1066866.4741599238,926544.808956424
2022-11-02,1112043.257369732,1132197.3403394283,1140544.942223943,1055052.2782539597,908751.8080065821
2022-11-03,1097826.5029370538,1135166.8655514482,1143539.3844036604,1055795.5288587804,907016.0004903304
2022-11-04,1101416.710960125,1143572.983525848,1152279.0062421202,1065479.4573164445,902025.0019997583
2022-11-07,1109539.7338406793,1157342.4837530067,1165633.496965827,1084079.8401707367,907232.9439662531
2022-11-08,1119203.331374859,1173862.771364679,1181437.9985465785,1110409.2981445612,912440.626223878
2022-11-09,1129597.5234448663,1166896.9846623733,1173963.0653746438,1106420.2031320527,888571.7362646038
2022-11-10,1125876.6953961602,1177146.6816213496,1184952.0902446832,1107557.0761958594,919167.172521832
2022-11-11,1133625.5953824273,1155098.378978247,1164429.8284009735,1080565.9413115496,931101.747355904
2022-11-14,1107321.6441495172,1174124.9546449648,1184394.0134257178,1097131.8820991209,932620.5248266098
2022-11-15,1129485.645171856,1172398.4984405846,1182493.6556759109,1090638.8124471023,930016.7702674204
2022-11-16,1126229.2941357843,1172270.0148646454,1181923.3770379499,1088944.4254457431,907883.687824398
2022-11-17,1127489.0001981012,1184672.237972178,1193821.0732934864,1098436.0362516432,902459.1486604736
2022-11-18,1142325.794303631,1192374.1900680307,1201145.985642968,1099441.602499063,912223.7693175785
2022-11-21,1151579.8813702813,1201575.6283342175,1209782.674346027,1102226.296443745,903109.9790882417
2022-11-22,1160838.2218167535,1212320.8040069027,1221163.791261891,1110844.0224480755,911355.6491353946
2022-11-23,1172948.3934933892,1208594.0015439906,1217349.8768504285,1103013.6585920113,907883.687824398
2022-11-25,1173035.260268902,1213712.8012578099,1222613.0401621151,1110288.8466977712,916129.3578715508
2022-11-28,1180049.6761777154,1205538.3226753783,1214466.5809210455,1091693.0084235708,917648.3950511263
2022-11-29,1180938.0299145929,1205002.408486587,1213729.1861308091,1093362.395679299,915695.384350082
2022-11-30,1181834.9018780938,1228735.058151904,1237574.842763965,1113310.5144397141,931318.77740145
2022-12-01,1199449.8387982599,1230764.0040743288,1240313.876372912,1113564.0313405045,936309.4296135289
2022-12-02,1202633.51684544,1233612.1393923194,1242929.2776990116,1123809.1315207242,945856.8470858413
2022-12-05,1207389.4950024835,1227084.7836763018,1236361.9983835004,1119929.8651858536,927195.8125234387
2022-12-06,1202764.5500638238,1217508.0448244708,1226139.2476984868,1115679.1979128136,912874.5131757235
2022-12-07,1190802.31006596,1224531.2606026554,1233333.2490137608,1122736.8064395592,919384.0294281314
2022-12-08,1197967.916480755,1231121.8155401142,1240870.3760521135,1133817.2287080458,923723.9377820655
2022-12-09,1211347.244704937,1212919.986731632,1223362.1087658803,1118904.1725166384,907232.9439662531
2022-12-12,1195397.5294568292,1220728.8758494486,1231742.8079069825,1127897.7924010758,919601.3191825473
2022-12-13,1203334.1131360284,1221482.2794962013,1233225.6174588276,1139945.090624073,927629.6994752842
2022-12-14,1216400.3887250177,1225955.2341908545,1238532.4956269944,1154926.9227974995,925026.0314857183
2022-12-15,1227944.0347287408,1203919.8154217047,1216579.5842838117,1138043.109373198,902459.1486604736
2022-12-16,1207448.5097195855,1192979.6220517699,1204073.8677817124,1114823.244567233,896817.4928813799
2022-12-19,1196776.1518399469,1191538.325800074,1202624.9816204805,1117689.4913281205,883387.860653379
2022-12-20,1195952.8339154474,1188198.4667674499,1199359.896000827,1110464.5792478987,887966.0086105609
2022-12-21,1191153.1427991143,1197231.85873151,1208366.2488661734,1120649.9863111167,894724.4125298796
2022-12-22,1202883.7071759454,1195225.5049625067,1206167.1378713439,1123383.5846173812,889928.1956916723
2022-12-23,1202136.4371258966,1192455.6845442161,1203636.6488312231,1126458.68156367,887966.0086105609
2022-12-27,1203876.766517376,1188490.2795028805,1199116.0824131693,1122006.8275817381,878373.4017949
2022-12-28,1203685.8542630426,1181110.1696441583,1191825.1848452669,1114379.841302521,873359.2026452906
2022-12-29,1195842.0156934015,1186335.7352674166,1197549.6578569792,1118141.4651291883,892762.3120183916
2022-12-30,1200600.6876446954,1185682.6069745827,1196713.0084392102,1115747.0440211424,892762.3120183916
2023-01-03,1201291.2811963311,1184994.771006083,1196097.7112917034,1116175.4421305652,885131.8057142184
2023-01-04,1203231.6383893243,1188279.932520115,1198405.447177591,1108593.0094325473,898212.5623604282
2023-01-05,1207473.504447674,1190802.8153182333,1200013.9596220164,1111103.1868320224,890146.2645726976
2023-01-06,1210710.965774273,1214655.349513141,1224460.8093378332,1121474.726837722,901918.8676416253
2023-01-09,1229636.362121319,1178470.8667106507,1187905.727595178,1077978.5192462734,902790.8834568566
2023-01-10,1186250.1153790704,1185794.027669035,1194777.4252517652,1080735.1677547814,909985.4251382257
2023-01-11,1192314.157066082,1185239.8157411846,1194217.9802471823,1083270.8420450874,915217.5200296137
2023-01-12,1192451.249732708,1180058.0930868825,1189206.7557739476,1090097.8849004325,922848.1994730334
2023-01-13,1188777.1752927057,1185433.5095021992,1194367.0065729495,1094779.4898864895,932004.4953873974
2023-01-17,1191911.64008305,1174345.4548039685,1182776.6026355065,1080266.9496472368,928516.4321264719
2023-01-18,1175016.4012372247,1154281.2507332829,1162328.6361177764,1059815.4150199776,919795.9276956655
2023-01-19,1154815.9433972589,1155517.9168596622,1163023.9895674852,1058755.5996049577,920667.9435108969
2023-01-20,1157947.0594632379,1159505.086216599,1167220.9327820477,1060757.7247957007,931786.5996456186
2023-01-23,1154825.90646336,1158170.3009290136,1166043.757437398,1054102.2691001066,947919.4549299496
2023-01-24,1154235.6031567804,1153183.358167598,1161338.8527202085,1046345.8080436772,936800.9719344742
2023-01-25,1151311.232055401,1155385.5993811237,1163847.8777352264,1046946.8132448923,940289.0351953998
2023-01-26,1155019.1556775323,1148367.385151988,1157102.2962986103,1043862.0812841215,942251.3088461342
2023-01-27,1144657.2283322564,1140653.832675829,1149503.5319682918,1036710.7648815551,946611.3013526677
2023-01-30,1136977.4473416558,1131167.315190595,1138950.5415627223,1026308.0159499195,935710.8872382179
2023-01-31,1125941.4989087335,1143244.588135414,1151174.2667676297,1039626.419814354,949227.6085072316
2023-02-01,1137400.9873196832,1136172.6786170935,1144276.4081505234,1030717.0342997789,955114.0831809419
2023-02-02,1138264.0189206353,1126387.1387843457,1136310.7268067452,1015279.1235628491,964706.4302877332
2023-02-03,1117896.3676450006,1130885.597215703,1140220.885689906,1019110.4644207278,955114.0831809419
2023-02-06,1124809.8091046563,1136063.759331664,1144285.1895654257,1028011.9615990545,953369.964980856
2023-02-07,1132461.450477337,1139707.1542137817,1147174.21594024,1033559.4173737576,960782.3158343806
2023-02-08,1137021.426902508,1134125.1381347699,1141858.4044454219,1020265.9438134864,946611.3013526677
2023-02-09,1140710.0131451837,1130988.104439804,1138025.483638594,1007402.641012713,935274.7494761674
2023-02-10,1134528.9412381402,1143799.942217036,1150700.4592458282,1003940.5730338664,932222.6508380459
2023-02-13,1148626.5604245416,1154021.5268834638,1160535.0150046125,1013227.833338297,937018.7811066299
2023-02-14,1156583.034576153,1144222.3614067556,1150946.50942136,999722.4335192005,935492.9049268158
2023-02-15,1144854.8218762628,1129551.6108784368,1136264.1658704667,991048.4705854771,936800.9719344742
2023-02-16,1132498.3431164972,1112948.5776348705,1119871.6714546916,975381.7057034372,925900.2981111548
2023-02-17,1118914.2535474054,1132933.3267891754,1139253.9164407027,986005.5971524364,944431.3916690242
2023-02-21,1141975.414062237,1125271.6058385184,1131090.3720550742,986568.207982704,915653.6577916642
2023-02-22,1133914.6813046685,1120493.3943354604,1126005.4954600292,975607.9108502865,919359.7033639917
2023-02-23,1128735.630317425,1123018.049329188,1128086.1625905263,985544.2498250722,925682.2292301294
2023-02-24,1130194.9874417535,1110665.404597004,1115531.4301560374,984499.0987862839,907587.2734343105
2023-02-27,1115830.3993451349,1108858.3971668999,1112972.6727203007,987185.7572741414,897122.5642337948
2023-02-28,1111256.8653485528,1096912.3392091203,1101685.6205160385,971888.0950183605,900174.8360111626
2023-03-01,1093333.00470689,1100460.1645768003,1104668.5448440071,978089.2476120964,930478.53263796
2023-03-02,1088988.3427234,1098217.4615389642,1102857.3282595943,971510.2584379765,926772.4004960093
2023-03-03,1091484.5722079582,1105687.3608415993,1110972.0703209413,975230.076496234,939853.0705725957
2023-03-06,1100786.8940577812,1112477.1950554356,1116436.7212363086,992045.6184104442,924374.2487920941
2023-03-07,1119336.0526347465,1097809.6093458128,1100898.8649126543,985297.8235404696,908895.2538723458
2023-03-08,1111941.3743968315,1085457.1149481568,1089622.0862308496,961332.4733371435,906715.0844798327
2023-03-09,1097816.133803875,1071857.7764694404,1075606.6044393138,951084.6075076162,887311.8885371084
2023-03-10,1085586.122260601,1073671.8776738993,1077261.133284628,959098.7672983281,863548.7000878509
2023-03-13,1088421.8991656608,1079416.3410991428,1084351.542520143,957545.8701196924,879463.4864911566
2023-03-14,1085275.0588679619,1088601.385889882,1092637.6942011386,956588.3242495727,895378.5326033321
2023-03-15,1098082.5909457512,1095509.032028922,1099716.3030939808,956936.2060404166,894724.4125298796
2023-03-16,1102009.697337658,1097036.411952871,1101322.4725393835,964638.3790076148,901482.7298795746
2023-03-17,1101328.9580149956,1079024.0578638953,1084278.404436326,945778.8018066927,885567.8569066457
2023-03-20,1075983.9564242668,1097251.0396697023,1102527.1429529754,956473.377817587,895515.5723169737
2023-03-21,1095344.0294375725,1095079.8047368736,1100235.0512569072,960455.7059116325,896390.1852209031
2023-03-22,1092569.8272090263,1079219.0937564722,1083995.941057585,941463.4329026011,875182.7917595414
2023-03-23,1076199.5300402946,1086041.1143989475,1090942.2675590839,951449.6764489878,869498.3705865508
2023-03-24,1079718.179240734,1100306.6412950216,1105114.6221232365,968114.0451985545,877150.5192965422
2023-03-27,1089881.058940441,1102841.2487590502,1106741.6899785586,962432.7287794796,892892.0798836781
2023-03-28,1096999.695155651,1103444.1233118568,1107253.8335393814,965885.714578473,886114.457507993
2023-03-29,1093473.2917476005,1107819.3773212759,1112397.012734217,969445.3723120787,892673.4050152899
2023-03-30,1095923.6671405144,1110997.3190320483,1115347.9858535014,970547.9704335254,888519.3616425236
2023-03-31,1100847.8504443474,1122065.365568627,1126603.8182099117,979676.7245066257,896608.6869500448
2023-04-03,1112375.2836718864,1132410.163018438,1136777.2487454168,983562.5946242904,902730.4578598118
2023-04-04,1127685.430263073,1128953.1782855026,1133320.5859235416,981333.1555429342,892673.4050152899
2023-04-05,1125162.2480311699,1154521.3770559144,1159268.2928394608,1000857.9992036261,895952.8354841267
2023-04-06,1157521.8133120842,1159550.5517939287,1163888.0922080295,1002497.8201804848,910601.108298945
2023-04-10,1157048.1119685478,1153886.5427443255,1158367.2393883565,993493.4437897681,909726.668534262
2023-04-11,1154361.9291491813,1153971.7075953372,1158577.0616386756,994400.6705509711,909726.668534262
2023-04-12,1153773.116576702,1155478.58187631,1159004.7016553446,993603.8354760522,904698.0122575661
2023-04-13,1155195.8266139335,1168368.3065773202,1171351.530861335,1005135.1849333567,919346.4582116308
2023-04-14,1170514.3389048881,1163361.1017791382,1166213.164797733,1001324.169756005,906447.2380654252
2023-04-17,1167191.153220684,1164741.6295501236,1167613.96363144,1004828.4337801586,924593.7027870917
2023-04-18,1168052.1454234428,1157113.3994755473,1158750.5470542016,996751.2169812567,916941.467507477
2023-04-19,1157382.1874881096,1157032.2973775708,1158670.0112127522,993607.7414856544,922844.5635488561
2023-04-20,1157935.3751406975,1155265.8448771737,1156495.3863192082,993741.3629388856,920439.6594143254
2023-04-21,1161061.0086207695,1165689.6973982179,1166412.7311061448,1008821.2677743809,930715.213987989
2023-04-24,1171862.5721125908,1168529.8649222725,1168691.3322192414,1009889.6516394067,925905.4057189279
2023-04-25,1175451.9642520256,1162275.0600614445,1161851.4296959103,995092.6797196498,909508.0802354971
2023-04-26,1174676.6492839165,1141806.879437313,1141943.558399545,973309.1401697196,902074.4332546473
2023-04-27,1149451.5644641228,1135215.4067489281,1136003.5206588504,984756.2425603024,911038.631174968
2023-04-28,1156234.9118571586,1139632.6161941695,1140590.8292413668,998795.2015545763,919783.7213787839
2023-05-01,1154186.7253756828,1149348.2462949746,1150033.4465574191,1008629.3392662377,927435.6969495289
2023-05-02,1155255.7947764702,1145623.0481359994,1145731.1019244387,1014069.7006204757,916941.467507477
2023-05-03,1159659.676997692,1133004.7104933872,1131758.8503956732,1012471.5924748759,923281.9132856324
2023-05-04,1151419.1450877495,1130145.0403639944,1128960.497485378,1011300.6256676349,914973.7399704763
2023-05-05,1142788.070302517,1142327.0521965218,1141219.2410239084,1019196.6416953771,928091.7215546934
2023-05-08,1150273.1656833,1138555.8241416481,1137541.5566309309,1016315.7523075128,928091.7215546934
2023-05-09,1148429.0590281792,1134174.1585287764,1133207.938079411,1011639.6887560167,926123.9940176927
2023-05-10,1142750.1982913322,1133826.2026197244,1132549.623179254,1012472.171562799,926561.5168937157
2023-05-11,1142555.2978244133,1132077.742765305,1130486.2630827064,1006606.0617607224,918471.9318773246
2023-05-12,1141283.9937892265,1128004.0360985745,1126340.5363884144,1003294.7365502809,907758.7678580148
2023-05-15,1136728.1654086418,1126897.254264011,1125080.3529716674,1003675.3791724214,909508.0802354971
2023-05-16,1131771.0698466606,1114709.6775358366,1113004.2844980482,995569.888828766,892892.0798836781
2023-05-17,1129634.2114539451,1110404.0980352026,1108921.8004778489,987708.5570015255,890924.3523466774
2023-05-18,1125101.5418715782,1104481.247902889,1102964.8967629245,983147.9826476155,886551.7206751461
2023-05-19,1118302.3353057213,1112170.8914381403,1110152.6352541554,991907.6997203671,889612.3897059715
2023-05-22,1127881.7495284386,1113256.265039402,1114438.9661829507,984039.8043955899,896390.1852209031
2023-05-23,1127507.7586474724,1110699.0979655108,1113947.858669776,971138.7681350827,889175.2996780649
2023-05-24,1125291.8890877876,1103446.7475944255,1105170.7869692796,955263.8065068237,881741.8258364616
2023-05-25,1125300.6905718346,1086235.79010261,1087465.774269531,939721.0879097446,867967.9927863264
2023-05-26,1109010.3271785737,1080433.2986713308,1081890.1335074892,943300.5400973224,865344.4137834077
2023-05-30,1101613.481465807,1074099.6027501903,1075738.8262971148,942357.2395572251,854850.0977717325
2023-05-31,1090198.5404159946,1083265.994204226,1085891.8942738436,942357.2395572251,862502.246481724
2023-06-01,1100972.7549966106,1077891.1021456306,1079928.464025627,942357.2395572251,865344.4137834077
2023-06-02,1099195.3315482044,1092761.9096061816,1095091.6366886909,942357.2395572251,884146.8165406155
2023-06-05,1117033.7522530842,1099011.1776694446,1101636.993956903,948531.9034787382,886770.3089739111
2023-06-06,1121941.1960072345,1086215.8457689788,1090105.248600627,941660.185843393,892236.2284177601
2023-06-07,1103534.9148016185,1088099.939209182,1093046.7872028684,954421.8520258309,896390.1852209031
2023-06-08,1099733.6846822645,1100178.1445663439,1104401.3267137203,959330.2534788118,897264.6249855862
2023-06-09,1118779.3672396145,1098149.2625227203,1101957.3635652154,955188.4691617505,886114.457507993
2023-06-12,1118421.2006341687,1099301.924053216,1104269.757264426,965291.4213920534,892892.0798836781
2023-06-13,1116331.0036663418,1100852.7964662102,1107127.0260659365,960360.7232939599,905354.0368627307
2023-06-14,1121606.3799101163,1093280.5561907543,1099057.2982841176,955074.8829133911,903823.6590625064
2023-06-15,1119557.3845009631,1102229.6060991038,1108758.9574532462,966793.8956344231,913880.7119070283
2023-06-16,1131513.961444292,1109304.4107614944,1116452.0638562683,971364.3309279444,914755.1516717114
2023-06-20,1132412.569364706,1103407.212921521,1109444.3321882973,963839.1490186279,919009.2695289816
2023-06-21,1129520.5248314838,1100927.9341577333,1105824.819105942,957577.9263951519,919009.2695289816
2023-06-22,1131103.248331423,1108548.3976539625,1112377.9935540818,963255.4292801745,919228.5503847328
2023-06-23,1145676.9947141553,1099453.8456883328,1102796.4857959165,961262.3173557034,905194.4890470381
2023-06-26,1145253.467987734,1086155.9031640866,1088369.9804400145,950072.327857989,890721.8659978413
2023-06-27,1128913.4432616672,1081297.1182065364,1082529.7730264443,947098.8573637125,890283.4774255856
2023-06-28,1126018.9231399402,1077869.3833837693,1079196.0910999246,942165.7192669584,883266.4034719267
2023-06-29,1122371.6182322674,1079357.3316381911,1080234.1825222643,947222.2566128116,888309.6900149557
2023-06-30,1127746.0666186619,1090080.0702272735,1090793.883774827,956326.8289534217,898835.3442302558
2023-07-03,1142904.9776222173,1089241.2632940281,1090265.833487144,953512.3013642676,901466.8010688925
2023-07-05,1133236.8005780391,1092191.914671659,1093292.5150010304,951939.0643460554,896861.8165284958
2023-07-06,1131332.183601637,1080151.9401175804,1080999.6860115738,940064.8746571549,892256.7454184759
2023-07-07,1115785.1246691227,1059132.775741566,1061344.9433457984,923185.5988920791,882389.4531881687
2023-07-10,1093505.026968523,1069148.3025286484,1070928.3508613985,927385.9320343311,891818.3568462201
2023-07-11,1102892.7066549817,1068238.5640575988,1071114.4304559238,919357.2667203087,899054.6250860069
2023-07-12,1098795.0623769513,1064388.1324185238,1067898.1681164578,925904.9452563636,895984.8662447379
2023-07-13,1093947.2750637569,1065169.0207995875,1069441.076043145,934028.344406985,895984.8662447379
2023-07-14,1092386.2472740535,1071216.989843958,1075424.1056169446,933084.6773184426,904975.208191287
2023-07-17,1100784.0024777146,1065670.046124514,1070050.358068461,928948.2568241082,900589.5045066414
2023-07-18,1092505.9154618531,1072197.6309070908,1077128.8890794164,940064.3988668801,904755.7541962893
2023-07-19,1097653.3143677844,1075059.97758938,1080199.574567265,936086.532206104,912430.6707172017
2023-07-20,1100329.1726558837,1096880.9367663362,1102123.4390326445,950498.1394227998,917255.0226829726
2023-07-21,1133141.5883400668,1109726.9537987951,1114981.1295046387,959491.8386547928,928438.4328959028
2023-07-24,1148176.2998223782,1102500.2757254704,1108954.6210316282,948099.3198277366,927342.0286171472
2023-07-25,1132620.4856610775,1092445.5122422911,1099217.07020151,946319.0854656622,923175.6057882528
2023-07-26,1127648.907379675,1089156.9207304737,1096545.0433062916,947390.15142578,929973.4854557839
2023-07-27,1126990.0329728604,1084423.5166811487,1092369.8051232542,965758.6659636056,922079.2880791205
2023-07-28,1117704.404568119,1092042.8914316362,1099288.4801695382,971984.6978915664,954532.7681606621
2023-07-31,1124367.3494495582,1087615.3874483132,1093934.8866998297,953308.4685577672,958699.2775591798
2023-08-01,1109299.2989010047,1080346.483135343,1086751.8535916577,950923.638716113,947954.429057752
2023-08-02,1103876.743618412,1082690.392029295,1088515.6101377849,952295.5029961735,942472.4942335973
2023-08-03,1106852.8814129066,1078978.5553793064,1084335.082881593,953357.5958346685,945761.7936394875
2023-08-04,1106988.859733982,1087353.2215678222,1092948.1674587154,964892.2863941531,944884.4970772365
2023-08-07,1113202.7972301673,1106796.574682581,1112862.1599516636,991048.9178454055,945103.6047937409
2023-08-08,1134412.2238773536,1110904.3788356862,1116861.9072618976,999906.8420197977,964400.5798087089
2023-08-09,1133439.032616062,1110730.4376125943,1117061.42159009,1000365.5737107313,955848.6264344155
2023-08-10,1132852.3055195045,1111089.6607994016,1117461.342440615,1003636.6107182769,953875.0987326553
2023-08-11,1128146.8996509742,1119527.1249892856,1125584.341971101,1009110.2333219717,956944.771004301
2023-08-14,1139310.7414287757,1121060.4844021832,1126564.4391902266,1006542.6747416195,953655.731307281
2023-08-15,1143638.0422214698,1120030.9450462088,1124696.912272526,1011724.4820104173,951901.5710308953
2023-08-16,1139315.1723903846,1111506.8423958845,1116331.4036837812,1008133.1481477348,941156.7225294674
2023-08-17,1132447.2509655189,1112455.719615543,1119080.253881323,1009125.574796398,935236.2259938106
2023-08-18,1132982.9097675513,1109554.767182162,1116215.1284073107,1003868.4813131759,939840.9508253374
2023-08-21,1129084.8381199073,1108387.676015881,1115095.204787515,992510.2356526739,942910.8828058532
2023-08-22,1121853.4437755775,1098759.0234289127,1106265.5650409716,976447.8445785445,946200.0956421198
2023-08-23,1111222.7526592445,1104389.7692177799,1109912.0087172978,971334.0655332968,950366.5184710142
2023-08-24,1126132.9175113868,1096501.0916800827,1102131.7492275264,963388.0958751765,942253.1268082231
2023-08-25,1116247.7491153907,1103731.7065815874,1109495.2780312526,968863.604035194,948612.2716250053
2023-08-28,1126290.5489391517,1100194.772785345,1106048.6334470722,963037.8433038502,954532.7681606621
2023-08-29,1117855.0437511634,1110076.7179676588,1115432.6483668725,974253.2510762903,963961.8449579601
2023-08-30,1126291.253319187,1106680.614654791,1111483.6713580121,970417.7926405238,963961.8449579601
2023-08-31,1123309.1549267005,1095923.6150344086,1100460.7761905992,959960.9236968294,958479.9101338055
2023-09-01,1108861.467823429,1099855.3281313442,1104468.5532267112,963659.1883738739,967470.5983588478
2023-09-05,1111397.5922092628,1085320.6618911533,1090549.8767746964,945688.4687145907,948612.2716250053
2023-09-06,1096227.3664898109,1070691.2572811653,1074783.9000686842,931450.1973683753,940498.879962214
2023-09-07,1081220.9134296607,1079763.9365738302,1082862.127059787,942874.3660806132,940498.879962214
2023-09-08,1089355.8232120704,1089431.813261991,1091798.5578440526,952570.2880811469,942910.8828058532
2023-09-11,1102457.820293827,1092751.8195400208,1094908.4185553968,948639.4637790213,947735.234771624
2023-09-12,1108092.9904751014,1092163.5191726414,1094544.8805285522,946970.5347121522,949270.200761882
2023-09-13,1111069.7989620399,1088703.230099999,1091508.7961953701,936113.1456713236,938305.9848350796
2023-09-14,1109028.3444675636,1097425.205711962,1099379.3596621784,935177.0325256523,940498.879962214
2023-09-15,1116267.78043787,1086931.1524501755,1089035.4159223898,922286.3916392291,930631.1548837906
2023-09-18,1102298.7247814368,1088614.7872808329,1089773.1140712616,932076.3001186717,922714.6225443227
2023-09-19,1104246.350799961,1090785.9546351933,1092639.3819744359,931909.7214825712,916337.557815523
2023-09-20,1103346.0828403663,1097056.725389036,1098135.7958118084,940760.7835492766,911279.7275757839
2023-09-21,1103866.7654461097,1090725.362920796,1090925.911195712,935706.1145081866,894567.1155243921
2023-09-22,1095260.6556286048,1085608.1243838035,1085735.1357187387,930012.1536281477,890828.5197737139
2023-09-25,1090112.3170882587,1085505.5779191244,1086219.2701668062,934367.8814246404,887969.9908132316
2023-09-26,1087700.126383913,1084490.7995479845,1084286.8463541141,935948.7722207734,886650.4966153008
2023-09-27,1084892.7244693164,1077414.2407039583,1077207.9263030556,933472.8271232244,879393.8845140449
2023-09-28,1074949.804276598,1078488.4183432527,1078077.158922515,933983.4652186803,882032.5266314131
2023-09-29,1075361.8971835498,1071972.7206773187,1073964.959764627,920646.6159051652,874115.9942919454
2023-10-02,1068626.964060915,1066319.8106708648,1069716.206102168,913948.7721576017,862021.3522244411
2023-10-03,1064459.3366297816,1057452.74817634,1061531.1002910458,902326.8213907671,848827.1028021201
2023-10-04,1058517.578840559,1064406.4020189673,1066955.744736119,910779.7848086467,845088.7667603119
2023-10-05,1064856.4125337545,1069845.8801499305,1072364.6352372614,909105.6698578015,852345.4654311911
2023-10-06,1073729.857883175,1074458.4441447663,1076206.5335452694,912838.4171856594,858722.7898688609
2023-10-09,1075296.9709787082,1080585.9240248825,1081863.0486485185,920526.612440678,859382.5369678262
2023-10-10,1080867.5847652873,1079642.9345990648,1081176.6417741736,919051.7645517446,863340.586713502
2023-10-11,1080551.3221461754,1088849.2545769606,1089124.7353976946,943484.9193940149,859822.224084431
2023-10-12,1079412.3928480302,1085976.769543758,1085603.0435789754,937113.9086965359,836732.5473042392
2023-10-13,1079055.5451002654,1087055.000763744,1085393.898822132,937223.5179108839,831234.8568086489
2023-10-16,1083588.036576004,1098709.3461579555,1098885.3757700962,952647.1488818893,843549.558858514
2023-10-17,1093583.968980402,1099489.9098031393,1098683.0752279896,954451.8282212436,842230.064660583
2023-10-18,1095033.3852573682,1085012.5448630794,1082580.904615433,945634.8072606457,822658.5773702157
2023-10-19,1074425.886701668,1069765.8753459281,1068043.1074932527,930039.197385953,809464.414517518
2023-10-20,1062280.6546945763,1071364.3023468659,1068048.1853500826,922663.106463952,807485.3463598685
2023-10-23,1068992.948379841,1063374.732679715,1060388.2049240852,911725.7501191315,795830.3048393459
2023-10-24,1067809.271508215,1065801.2069518599,1061861.4952273304,920302.0018791136,806825.5126912799
2023-10-25,1067878.4850561142,1063175.878163901,1059900.8791128476,915115.9279772056,799129.1269037959
2023-10-26,1072365.3231306917,1053484.772764375,1049315.808959451,911638.9375365522,790992.5345819674
2023-10-27,1075917.9911060142,1021683.1818820038,1017475.7588184157,888043.94351255,778018.3451420071
2023-10-30,1049197.8465097237,1031474.6867810074,1027803.7049735197,900471.195202286,780437.1869858846
2023-10-31,1056800.3588625297,1029651.7704746866,1026808.4551814854,904111.8580053586,787913.772499878
2023-11-01,1062561.6044326783,1037931.368188092,1034313.5239089045,914268.9367529458,791212.4214250814
2023-11-02,1070292.019506262,1045989.7049456049,1041693.1585920607,920197.6785317754,801547.8821780502
2023-11-03,1077482.4352451116,1057822.2399300523,1055451.0164199022,926952.4318958479,820899.3960556802
2023-11-06,1084351.545302952,1059724.5004124132,1056633.7291924409,929497.0333021979,813422.6374024403
2023-11-07,1086933.8484945565,1055041.3860398643,1052081.3640807013,923531.487258836,811663.5426575282
2023-11-08,1081976.7004823952,1043551.8760415507,1039679.3203623521,908873.6979037081,805725.9919060866
2023-11-09,1071065.6221722432,1013407.6385668044,1009702.0987429719,883046.8259862068,775599.3301588829
2023-11-10,1044524.9993672696,1015797.4906034694,1011656.150072911,882163.7791602205,775379.2701765224
2023-11-13,1043730.8479701806,1012481.5415230172,1006992.039085131,882163.7791602205,774059.9491178383
2023-11-14,1044090.8469821129,1015799.1586694843,1011002.6301822899,882163.7791602205,795170.6443100037
2023-11-15,1042536.235560032,1023875.0121681155,1021552.8328300932,882163.7791602205,804186.697434665
2023-11-16,1044226.6968660717,1021899.5138515901,1018581.2326877026,882163.7791602205,795610.4179962318
2023-11-17,1046689.6666022053,1020480.1713364443,1017580.5446250814,879207.8381040898,805506.1916325957
2023-11-20,1049044.1402179927,1021127.115358948,1017278.6389373832,878328.6302659857,811223.5958320535
2023-11-21,1057660.606745348,1017335.9905706563,1014777.550014704,878328.6302659857,804186.697434665
2023-11-22,1053508.8645966358,1021786.7093045806,1019487.3822156684,876869.0314055214,808804.6674185527
2023-11-24,1054862.981162857,1025045.5346015,1023306.811939936,885749.9914745355,816061.5392286786
2023-11-27,1058016.1501533813,1018146.412465306,1015612.5959421166,878664.0673280243,811223.5958320535
2023-11-28,1051436.4396542683,1013248.9816258361,1010465.5672029398,875185.7159273254,805725.9919060866
2023-11-29,1044916.9128689175,1020513.5359360573,1017841.6430438318,877765.2239711112,808584.867145062
2023-11-30,1053087.5165047608,1036387.3179435444,1033460.1881600998,890127.2771558512,813642.4376759311
2023-12-01,1069638.2898398342,1043674.7194515014,1037359.8308738363,884575.0735303694,827056.6605109894
2023-12-04,1082960.2489879322,1048576.7561735925,1041998.441221383,889569.8824117401,842010.177817469
2023-12-05,1093545.1150828132,1049430.6330229596,1041897.3981832871,887409.0088971783,839810.9631078356
2023-12-06,1099962.0048753778,1049189.4369975948,1041171.0199779067,885250.2695884869,838491.7286187748
2023-12-07,1094610.3179145127,1048474.4987628895,1041070.078277595,881268.2162262042,838711.6154618887
2023-12-08,1079745.8946663055,1050080.5678249104,1043021.7916545985,881637.0337091336,840690.6836195384
2023-12-11,1081313.9737113686,1062192.9352222623,1054479.0678072802,895089.4459501527,844868.9664868212
2023-12-12,1089157.7969955865,1066727.0550614037,1058231.5419700905,902606.3673712327,854104.8198849732
2023-12-13,1091987.6025443,1083425.8150550383,1069133.8295885937,920400.9862396617,881152.8061197106
2023-12-14,1111088.9035664597,1078274.6119310658,1063650.5846898342,920644.2093289931,882912.0740038693
2023-12-15,1108537.922114399,1067200.0328538697,1053755.2897735182,903478.3057000315,876095.1490192182
2023-12-18,1096718.9224601917,1069988.0926587253,1057522.7424597363,901824.6622705158,878392.1874031503
2023-12-19,1098181.1176879138,1078430.4244513789,1068158.9936388636,903772.686733346,894957.1982468612
2023-12-20,1103262.2078644123,1062964.8295801596,1052021.017323305,888560.3208125813,878171.0885853104
2023-12-21,1087999.966262741,1075113.055688132,1064945.066459505,897803.2949347445,892748.5474482911
2023-12-22,1097359.054326561,1088944.2310353667,1078101.1530932162,911823.8407079593,906000.5388093353
2023-12-26,1106947.2628185444,1089027.1377901486,1078024.496703349,914134.3966094562,913510.1939194188
2023-12-27,1109257.200874546,1092974.0962389032,1081788.4866916523,917073.4394983479,925878.8288445829
2023-12-28,1112998.1407645626,1096719.76350922,1085159.8380964987,918170.0269650151,923670.1780460128
2023-12-29,1119958.9341882896,1096259.2149497468,1084609.566443446,915988.8629984062,919252.703309626
2023-12-29,1120764.0005397073,1096259.2149497468,1084609.566443446,915988.8629984062,919252.703309626
