date,ppo_price_sentiment,buy_hold_equal,equal_weight_monthly,momentum_20d,xph
2022-01-04,999900.1353070679,994242.5571683424,994242.5571683423,1000000.0,985410.8542378774
2022-01-05,999542.4011176453,998457.3195675104,998457.3195675103,1000000.0,966745.4911943111
2022-01-06,1000724.323729187,993318.6697516119,993318.6697516117,1000000.0,963312.4862137875
2022-01-07,999720.7042284546,999963.5757056482,999963.575705648,1000000.0,963956.2179324473
2022-01-10,1004300.2380256653,1014385.0752632698,1014385.0752632697,1000000.0,979618.0478965486
2022-01-11,1002195.1915093994,1018978.7989299236,1018978.7989299236,1000000.0,984981.728615312
2022-01-12,997137.8121392822,1007180.0877936344,1007180.0877936345,1000000.0,965243.5948001436
2022-01-13,992667.2008151246,1006188.0223466216,1006188.0223466216,1000000.0,945290.854888881
2022-01-14,989214.1123505249,1010821.465330872,1010821.465330872,1000000.0,947007.0976702729
2022-01-18,985895.2249545899,1003493.8333613914,1003493.8333613916,1000000.0,927483.4833815757
2022-01-19,983051.7811273804,994366.6778592395,994366.6778592395,1000000.0,926625.0589971982
2022-01-20,980938.6513105163,985324.0969202882,985324.0969202882,1000000.0,917614.2000499333
2022-01-21,975335.099830658,975711.5655137731,975711.5655137731,1000000.0,904097.911629036
2022-01-24,973651.8565171204,969305.6302838529,969305.6302838529,1000000.0,907959.6093840087
2022-01-25,965047.4932061767,975167.0141646017,975167.0141646017,1000000.0,907316.2239438419
2022-01-26,986726.0721870422,971495.7239985275,971495.7239985273,1000000.0,900236.1273044401
2022-01-27,990291.9800285338,982407.9764674623,982407.9764674624,1000000.0,891439.6147443997
2022-01-28,1001080.3199810791,998678.2717126699,998678.2717126698,1000000.0,910748.6229370026
2022-01-31,1007049.2029170837,994329.8254514877,994329.8254514876,1000000.0,934777.8398385788
2022-02-01,1009572.3243138122,997789.6115771256,997747.5606713413,1000000.0,944432.5170741268
2022-02-02,1002297.3874754333,995101.7336893687,994760.6481348983,1001311.390458244,943359.5731632783
2022-02-03,1012155.7419341889,983739.7199938905,983527.5123109182,990422.1717398159,922119.7160931891
2022-02-04,1012093.0979366302,980205.7631761334,979784.7822512566,992153.83675115,931345.1811365483
2022-02-07,1006048.67241539,983286.4666658663,982771.8989605751,1007272.4540723374,938854.3168288922
2022-02-08,1002966.8314553527,989563.8505030562,988866.6397745236,1008452.648942905,935206.9654611442
2022-02-09,1005407.6046615143,990283.5349042268,989579.2830745446,1008103.0903502564,956017.8700479146
2022-02-10,1005291.1441588898,974328.9530747238,973276.0368140276,991942.1685401741,950654.5356076444
2022-02-11,993861.0850823212,971064.1976646604,969851.8456066079,991606.8717578759,942930.5341103361
2022-02-14,984359.266563568,964851.3421786763,963418.4736948977,994544.3768934819,932203.345812056
2022-02-15,972571.1058057556,973711.2114016009,972108.3287825672,1007810.1046693216,954730.8394587113
2022-02-16,982164.8040959014,971949.1419075694,970364.675467604,1008669.626179538,955803.2639518202
2022-02-17,981597.135444931,963187.9471841854,961458.8154360326,1003499.74245179,935421.7446964852
2022-02-18,975818.9724594573,959198.7093915346,957376.5621083406,998539.4475125419,929414.1591198156
2022-02-22,965694.3299585113,956133.1390172059,954193.3304236385,1002435.2444214144,914825.0999273162
2022-02-23,952955.5301424561,956678.2988289695,954595.8376955927,1010134.2507791982,900450.5602612878
2022-02-24,953413.3652194977,940238.4235685066,938163.0471740734,998835.2731994817,913966.9352518085
2022-02-25,935642.6010338287,969306.6817605206,967004.0275930538,1026167.7308690192,940141.6936965887
2022-02-28,981097.4049970245,965343.7139556668,963016.2703433227,1019963.9545276588,928985.2932061199
2022-03-01,972807.537089981,960442.9734426497,957906.0032726384,1018710.7635039265,926196.2796531259
2022-03-02,969496.1769863738,971274.768951271,969217.4217995611,1028532.1407547313,946577.7989084609
2022-03-03,981359.8628240814,980270.0995832608,978272.092069919,1037826.5286538303,934777.8398385788
2022-03-04,995572.0098710632,984078.8014276153,982200.999146016,1039824.4271957041,931559.6140933961
2022-03-07,1001404.0874422302,978362.9629021056,975857.020081617,1036478.48353906,918043.1525332523
2022-03-08,1017347.2408779602,964107.3359354223,961700.4374282685,1021181.037294371,913108.8571459241
2022-03-09,996941.7049874268,970629.3616308011,968230.8162206927,1027580.3079499393,940570.7327495308
2022-03-10,1000686.1863378906,966684.4220449985,963947.7174284317,1029551.2647274594,941857.9364779807
2022-03-11,1002442.4483510589,970949.8454280356,968415.0096351893,1033185.5020280491,937137.9009082539
2022-03-14,1000624.4786054229,980740.0913996086,978490.2759035382,1042991.8159851062,905170.5092613916
2022-03-15,1014350.6430340728,993331.6696199351,990585.0227605823,1062495.1458298997,917399.5939538389
2022-03-16,1040470.373094925,995592.2788541466,993438.6876502236,1063730.6934187135,940785.1657063788
2022-03-17,1030955.245341568,1010919.469242936,1008983.4728148157,1082978.6131459333,967388.9632041011
2022-03-18,1044351.9433152924,1014213.6722311054,1012395.2079238396,1082162.1241350642,978116.3246416277
2022-03-21,1032829.406687088,1014556.5705379401,1012461.1974603223,1081356.1592706675,968875.3636357026
2022-03-22,1038651.5034554901,1014024.6855648631,1011854.8120031088,1071200.5659023707,979430.1052444224
2022-03-23,1033768.1252158355,1008104.4084615539,1005285.113251804,1060583.476554266,971460.3325866414
2022-03-24,1029883.7565896759,1018340.4638960559,1015313.7537113088,1069268.7434101684,979860.9622594535
2022-03-25,1035181.5452657318,1023894.9897190531,1020275.1754482071,1077377.1247092912,978999.5079382613
2022-03-28,1045073.8891011504,1027480.0106091163,1024105.5047154449,1080908.9367249743,974260.5136210377
2022-03-29,1050433.8833439332,1031868.3307971782,1028722.7897109961,1076823.577667505,990846.5608832041
2022-03-30,1049903.322491104,1033430.8776426897,1029294.9363934632,1081992.5459104145,981153.187026053
2022-03-31,1060803.1999934388,1026795.2825293371,1022605.0607504947,1071525.5536133114,975122.2276510994
2022-04-01,1046895.8104016418,1032751.9091256564,1028087.5677867983,1077800.5268419439,990200.3186454693
2022-04-04,1052553.757479431,1032466.5565937697,1028237.3945543615,1075063.566334007,993431.2701252733
2022-04-05,1042414.8060948639,1033256.5391996319,1027887.9180179781,1082567.7224046362,982445.844640769
2022-04-06,1049135.7671320648,1055226.2853432216,1049542.4779059237,1104467.410937427,992139.0453586733
2022-04-07,1076377.0877487182,1073227.817366882,1066967.9167976277,1131303.5032381655,1000324.0300999116
2022-04-08,1073605.1818093872,1081660.1065513042,1075741.0348970979,1141272.1672653006,993000.326540619
2022-04-11,1075728.3468484497,1064647.8020764308,1059117.136450418,1119349.564852596,969091.0085672762
2022-04-12,1062280.4220437622,1056754.7025042246,1051114.1881305657,1109749.9353847096,963059.6163442064
2022-04-13,1062634.282883606,1057940.9956106422,1053798.8201673063,1117844.234025676,978353.1791309033
2022-04-14,1067116.9244851684,1062314.6779145221,1057172.00069175,1125070.5670951407,973829.74317563
2022-04-18,1062634.282883606,1050527.1701310922,1045773.2856884928,1114683.0553038423,942811.9337264516
2022-04-19,1049422.5685281372,1055062.0920565764,1051846.5319204994,1113903.7114364957,950781.792953856
2022-04-20,1081390.7267312622,1059156.8555644166,1055449.2285013313,1116023.6931513918,948412.2957952442
2022-04-21,1086168.1007546997,1058521.3398513703,1054182.5921135885,1115754.229613869,927087.6870639705
2022-04-22,1083042.1783914184,1035517.3189682672,1030878.8052368377,1090157.0828370543,907486.1601143272
2022-04-25,1072307.3888406372,1047900.6112740287,1043619.1840965416,1096572.9822546067,913732.7644208544
2022-04-26,1098672.3966531372,1037791.3318257814,1032768.759313674,1084767.6720078618,894346.4495546686
2022-04-27,1090827.8243875122,1038228.7927907903,1033110.8264328042,1083020.8540932813,896285.1762678728
2022-04-28,1075610.4943093872,1045196.4107917408,1040220.4684100953,1091278.171412568,903824.4381891158
2022-04-29,1083631.9464578247,1019003.8058758017,1014560.8251951126,1068804.7637837227,889607.801515938
2022-05-02,1065937.5905007934,1015248.9436743635,1011065.1125426472,1059427.9707319112,892407.9825503342
2022-05-03,1055202.6998757934,1017679.4401965048,1013685.7597810643,1056483.2812987892,897146.8902979346
2022-05-04,1053138.2589578247,1034170.3237457119,1030363.16774677,1071195.0850893161,905978.4635554006
2022-05-05,1064403.9913796997,1021738.7956254028,1016508.6077034301,1063948.6522401818,876899.1211105566
2022-05-06,1044114.0494851684,1021884.8285489406,1015791.4373309733,1066450.7132388372,853204.8420814247
2022-05-09,1041813.7013406372,1017177.2399147118,1010918.9293622099,1065573.2024425305,821756.3487564619
2022-05-10,1047476.1822976684,1025085.2619601953,1019777.7127869934,1064507.629240088,839850.2657168016
2022-05-11,1046060.4357156372,1021967.678005869,1015646.4194478344,1080156.1163406423,822402.67756382
2022-05-12,1040398.1569070434,1038719.1627414352,1033255.7056232849,1100017.6926950125,842434.8018196243
2022-05-13,1050661.030930481,1035985.6406545346,1031139.8063578227,1095409.5280670994,865267.2802490712
2022-05-16,1044644.7902078247,1046584.3901988454,1040905.3117674903,1105838.814871779,879699.3021449528
2022-05-17,1051899.6954812622,1056568.058887739,1051332.4501621106,1114908.9218832238,903393.4080348384
2022-05-18,1056264.2823953247,1041485.3258953448,1036113.6517706455,1097341.4774275478,875606.6366350874
2022-05-19,1036682.2643289184,1037241.3928156663,1032217.9140172485,1099270.2363172595,879914.6007980334
2022-05-20,1027481.2760476684,1051633.2464829942,1047750.8917087963,1127734.1762648607,892407.9825503342
2022-05-23,1045411.6403054809,1054326.682228331,1050422.9110189609,1129982.7998781106,891977.03896568
2022-05-24,1066722.0275125122,1064597.579816387,1060962.7093249366,1141092.1268669378,879914.6007980334
2022-05-25,1078356.8829812622,1067089.4513528806,1063715.0957634114,1143552.88184016,884868.8937683377
2022-05-26,1067790.685227356,1064680.5398381995,1061688.358561935,1136518.8403387705,894992.8649316499
2022-05-27,1066840.991867981,1066283.1434712757,1063938.127315118,1140444.337841966,912655.6651680886
2022-05-31,1076516.7257546997,1055311.4550330006,1052752.6371566022,1136806.8416734743,905116.7495253388
2022-06-01,1067256.5079812622,1046729.8759509936,1044383.9891857483,1126652.5763205255,891331.0564368151
2022-06-02,1056452.7858132934,1040124.3416809875,1037695.9483810004,1113662.838453001,902316.2222124494
2022-06-03,1053128.5558328247,1042361.8374609823,1040321.2924580637,1117522.7111534453,907701.4587674078
2022-06-06,1048795.200852356,1035967.674601159,1033219.2397070257,1105093.2742807472,901024.1705850965
2022-06-07,1048676.5397195434,1048690.0998095502,1046092.2420682594,1118063.9448916665,921271.853202851
2022-06-08,1060192.5319070434,1046523.0027990354,1044930.3783428668,1123744.89175299,912871.1369604159
2022-06-09,1053900.3585671997,1027175.2576639858,1024927.4825208789,1098042.1060735635,890469.25583713
2022-06-10,1032708.4303445434,1012832.7625415318,1009980.9062874843,1074070.4708988497,868713.8766604485
2022-06-13,1025822.1902644348,989376.04570162,986076.3236025756,1043636.4275466233,833603.4017014048
2022-06-14,1015491.9576441955,983950.2994561269,981086.8271855308,1042592.7911190767,830372.3636519776
2022-06-15,999937.1175563049,990135.5087975822,987922.0543850622,1042592.7911190767,848250.6356807436
2022-06-16,1010623.4884059143,981652.0710797075,978430.8991161863,1042592.7911190767,829510.8227611624
2022-06-17,1011158.0495631408,989066.8646403415,986825.4903964325,1042592.7911190767,844588.7406162856
2022-06-21,1007477.078417511,1019494.8736616,1016941.9466278898,1068138.7629071968,859838.7588824761
2022-06-22,1028553.5268580627,1032333.9623839498,1029772.1140777032,1067912.5693535577,871952.4462671005
2022-06-23,1044761.2027919006,1052114.7108129296,1049533.1462578243,1089418.4964263164,902019.7212527386
2022-06-24,1068034.6288478088,1067054.9930214575,1064185.6140148162,1101850.6647523714,912835.1239971342
2022-06-27,1083648.7073695373,1072649.7155433258,1069416.2600301453,1108355.634910645,940739.3703756671
2022-06-28,1082639.5311152649,1051175.9625424764,1046945.3611722948,1072733.1554086618,915431.0007206054
2022-06-29,1051885.9891688537,1056501.6160017245,1052634.7347262965,1074240.394768427,918242.7820845203
2022-06-30,1052182.7878749084,1052519.6130127853,1049315.403439652,1065593.5607923588,908508.9802133007
2022-07-01,1055270.161608429,1061730.8928266594,1059210.7315205482,1077991.5007038794,922136.7703089738
2022-07-05,1067203.2689845276,1059502.314167013,1057227.414437416,1081755.6347166898,938143.5802218191
2022-07-06,1059010.1690089416,1063739.338619535,1062266.923686696,1086150.5373724706,944416.761402691
2022-07-07,1059960.1068293762,1064671.9442085999,1064014.602709301,1087745.0798251014,956097.7738101957
2022-07-08,1061147.4027430725,1066100.6612710273,1065389.7715099796,1090273.5197062574,953285.4730285413
2022-07-11,1059841.2256037903,1066245.5004004978,1064562.6681076824,1091250.936188844,933601.185519049
2022-07-12,1060257.107714386,1058620.855120015,1057039.080739167,1087263.7770706029,924299.6257768326
2022-07-13,1045414.5440852356,1056496.757071002,1054912.8366155329,1085419.7245949493,925380.9669411386
2022-07-14,1042980.309466095,1052477.725755594,1050726.0660556771,1084685.6464427104,922352.9346582872
2022-07-15,1044405.165652008,1067897.8973663894,1065725.3897370778,1101111.3098295196,934466.3623340416
2022-07-18,1059544.527987213,1043489.4243442104,1041777.5953122949,1076792.039467511,916512.4284545348
2022-07-19,1035796.5879237365,1049095.2009406062,1048804.149271449,1087191.4120115319,940090.5310492342
2022-07-20,1020716.5651118469,1032117.4460291013,1030864.8512759758,1056634.3734783956,940955.707864227
2022-07-21,1014898.3602320862,1036488.4943068168,1035724.8293357949,1056937.5734073797,945714.6997644268
2022-07-22,1018460.4501521301,1033506.4845743224,1031764.6586234818,1044388.4721869753,924732.3873235754
2022-07-25,1023269.2765986633,1039236.9945480978,1037532.2113909321,1055378.200660437,923218.1980429032
2022-07-26,1025287.8312861633,1047638.9187618783,1045878.8869670668,1065204.0586234161,927111.7534192405
2022-07-27,1032530.8923518371,1050985.3105151306,1049038.013766302,1062869.9258441625,935980.4650450906
2022-07-28,1029681.4832484436,1044826.3844996245,1043085.1391721015,1055818.336018139,932519.5846458732
2022-07-29,1035618.3671748352,1033784.3690455349,1032849.7696532399,1052561.2290859632,927328.0909078002
2022-08-01,1037518.2428157043,1024505.7867654735,1023389.7872007269,1033786.4711972327,910888.6060178354
2022-08-02,1033896.9144618225,1018501.7178322007,1017474.0808772417,1025479.327367416,923650.613311153
2022-08-03,1028019.0667903137,1029214.7821331343,1029643.819653747,1024453.8480400486,933601.185519049
2022-08-04,1037934.0238368225,1023030.9961285767,1024242.2539401327,1022766.6669220842,936413.2265918335
2022-08-05,1021310.3647029113,1019940.2499778753,1020710.4343529713,1021743.900255162,956313.9381595091
2022-08-08,1017272.9520594787,1028544.6620186454,1028622.3832085703,1021743.900255162,953934.4854942207
2022-08-09,1011870.4271113586,1034341.8125250346,1033994.4515179951,1020862.9010645758,936629.5640803934
2022-08-10,1011751.4447962951,1040860.7700582149,1041261.9252223292,1035585.3969300754,959991.1560472866
2022-08-11,1014660.7999598694,1029571.9648195129,1029286.0905268895,1021606.3165846227,945282.024787307
2022-08-12,993703.131655426,1040911.2971021164,1040764.9585853647,1028764.7230780403,959125.8060930471
2022-08-15,982778.8972651672,1045501.6068866107,1046965.5397215028,1057846.8546300817,957828.040870558
2022-08-16,987469.3479335022,1046215.4808158946,1047520.5740058314,1056343.718225254,944632.839182381
2022-08-17,996256.0453211975,1043511.378548699,1044166.0403876404,1055153.6079409786,934033.8604961686
2022-08-18,996315.3848445129,1038345.0496412078,1038474.2821908651,1046042.2544605727,934899.2104504079
2022-08-19,991506.5583979797,1045388.7057942466,1044904.0200188347,1053364.0859436076,955664.9256938295
2022-08-22,1006586.4801203918,1032578.5593630829,1031684.9277227911,1033292.8848176907,948310.4033486516
2022-08-23,1003060.0747859192,1017885.7453705965,1016945.7424059345,1017124.2628374229,947012.6381261625
2022-08-24,994333.9299952697,1013453.3698787342,1012429.0630191108,1014810.9772348347,956962.8640555652
2022-08-25,991046.5001856994,1017724.0535387273,1017262.0052661512,1014332.3479289666,963019.5346086309
2022-08-26,1000310.7442652893,999828.0087187837,998624.6456336702,997928.7904705642,934466.3623340416
2022-08-29,983217.0190608215,983670.21211715,984081.2940317271,998209.54665085,914133.1489284931
2022-08-30,975626.3112818908,981406.3103979428,981649.9570160588,999008.7508163123,899640.2685874504
2022-08-31,972219.3937098694,978102.322572775,978723.098434298,1014513.353320262,898775.0052028344
2022-09-01,965704.5812403869,1002267.3111716014,1002933.1059342149,1038169.8244139318,910023.2560635961
2022-09-02,989612.0404994201,987971.8169116285,988163.1928852752,1022718.516577266,902668.5605791715
2022-09-06,974072.1616542053,988544.7266364049,988442.8486847756,1014473.2365101433,895962.8775604265
2022-09-07,976702.1055018615,999062.8643326702,999740.6642426031,1036878.6568564902,916728.852512718
2022-09-08,982021.6359889221,1010762.1484780739,1012373.0944106885,1041839.6269818374,931221.7328537608
2022-09-09,989910.9620845031,1018610.6616635215,1020687.6328460464,1044720.1678369035,945282.024787307
2022-09-12,991823.3728205871,1024724.911301879,1027113.3219052205,1044283.050815987,955016.0863673966
2022-09-13,991405.0645625305,992805.3495417234,994425.0140056582,1007347.1638542194,925813.7284878815
2022-09-14,965644.6351802063,999507.9747365717,1001054.0228601642,1006339.8166903652,934682.6132529783
2022-09-15,985547.7380549621,1005285.1718648588,1006626.7277272048,1006339.8166903652,927544.5149659833
2022-09-16,988058.1941401672,1013738.4032778244,1015032.480448215,1016267.898464304,914133.1489284931
2022-09-19,1003119.9197566223,1006236.074305991,1008061.0554504644,1010095.2481164786,910053.6420013651
2022-09-20,995230.2903926086,994358.0350062997,995544.6478298913,996764.8014640126,902025.0019997583
2022-09-21,987400.6070887756,980533.7587507803,981216.7411343527,983297.4471104805,879241.3488378375
2022-09-22,977299.5443141174,998467.7239205604,998260.3294698722,994848.7870270589,887703.8757912896
2022-09-23,994632.6494013977,991873.6316707585,991329.936654887,990649.3314490292,863835.0724016387
2022-09-26,997860.1331507873,984612.1740712329,983983.0436131759,976535.0744181765,859061.190526236
2022-09-27,991763.8311183166,986051.3703126034,985852.4163894375,976428.3086252282,861448.0881791257
2022-09-28,987221.2743556213,1041186.6475782599,1049443.6481283882,996997.0563420322,884232.0010499164
2022-09-29,995708.5447108459,1027174.4599735327,1034061.5482481391,975597.5149150931,873165.4598284052
2022-09-30,984770.6632411194,1012401.5201472668,1019989.9971082326,956742.230917744,871429.479172907
2022-10-03,977777.7986323547,1020859.7180740945,1027704.0352033378,947504.296037429,879458.2923137601
2022-10-04,976821.4921748352,1038081.5592983941,1045552.5820478102,956705.6736872784,901808.0585238356
2022-10-05,991285.7789790344,1036455.5995953399,1043778.0717678448,950961.45138218,898336.1837824623
2022-10-06,988237.425783844,1023657.6073030632,1030455.4802590363,941305.6034415379,900289.1944835065
2022-10-07,969111.2966334533,1013842.0064272848,1020141.9411127832,929856.4176853775,882929.9073462636
2022-10-10,958891.0493647766,1015018.1940467436,1020795.3607173843,930262.9093971129,871212.6222666076
2022-10-11,960146.075228424,1032856.8994579136,1038629.8407215831,931275.7448815524,874684.4970079807
2022-10-12,974012.5188624572,1029662.0835935534,1035679.8994707254,929283.9371206717,873382.3167347044
2022-10-13,973773.4422480774,1057552.6136444705,1063257.7848063018,962804.1717550152,885750.9516598686
2022-10-14,988476.5023982238,1052541.279370562,1058296.89510672,955007.3081877423,881410.9567363113
2022-10-17,984352.4560725403,1065928.1457599576,1071603.8765123948,969639.2250713268,894430.4220892437
2022-10-18,997083.3616053772,1069031.3637564604,1074899.1179853578,971162.2130697527,904412.1593615179
2022-10-19,993616.7001521301,1054506.9068451046,1060120.5553455362,954514.1595306552,879458.2923137601
2022-10-20,985727.0707881164,1050603.172516873,1056412.746900417,950308.0160305756,870344.67522367
2022-10-21,988237.425783844,1078265.1594119805,1084756.3987828828,971354.5971583909,887052.8722242749
2022-10-24,1009754.2199885559,1100460.8546761058,1106905.1257913387,997632.0703054596,891392.6074389623
2022-10-25,1023321.8431269836,1099233.258279367,1105909.5669762637,995817.1743173201,901157.1415264441
2022-10-26,1021708.1517970276,1118119.9757574266,1124664.5631003277,1015047.1948079763,912440.626223878
2022-10-27,1030673.4742915344,1118854.7730524628,1124762.969769737,1016702.7128952863,899855.2209620378
2022-10-28,1031271.1152827453,1148491.2411696184,1157259.6087079742,1072333.9599718822,919384.0294281314
2022-10-31,1046571.9175135803,1142887.6357765081,1150648.6375756504,1065690.012862924,918299.2254788943
2022-11-01,1041192.5420558166,1144895.7898448785,1154049.8541251353,1066866.4741599238,926544.808956424
2022-11-02,1035932.9576289367,1132197.3403394283,1140544.942223943,1055052.2782539597,908751.8080065821
2022-11-03,1020034.4133174133,1135166.8655514482,1143539.3844036604,1055795.5288587804,907016.0004903304
2022-11-04,1021767.6934992981,1143572.983525848,1152279.0062421202,1065479.4573164445,902025.0019997583
2022-11-07,1026310.3513514709,1157342.4837530067,1165633.496965827,1084079.8401707367,907232.9439662531
2022-11-08,1035275.4716670227,1173862.771364679,1181437.9985465785,1110409.2981445612,912440.626223878
2022-11-09,1040415.7705104065,1166896.9846623733,1173963.0653746438,1106420.2031320527,888571.7362646038
2022-11-10,1032107.6307093811,1177146.6816213496,1184952.0902446832,1107557.0761958594,919167.172521832
2022-11-11,1044181.0502803039,1155098.378978247,1164429.8284009735,1080565.9413115496,931101.747355904
2022-11-14,1012981.7037379455,1174124.9546449648,1184394.0134257178,1097131.8820991209,932620.5248266098
2022-11-15,1028880.3491389465,1172398.4984405846,1182493.6556759109,1090638.8124471023,930016.7702674204
2022-11-16,1031749.2685115051,1172270.0148646454,1181923.3770379499,1088944.4254457431,907883.687824398
2022-11-17,1038144.5932185363,1184672.237972178,1193821.0732934864,1098436.0362516432,902459.1486604736
2022-11-18,1046512.1736323547,1192374.1900680307,1201145.985642968,1099441.602499063,912223.7693175785
2022-11-21,1054521.0885798645,1201575.6283342175,1209782.674346027,1102226.296443745,903109.9790882417
2022-11-22,1059935.0366389465,1212320.8040069027,1221163.791261891,1110844.0224480755,911355.6491353946
2022-11-23,1065048.445681305,1208594.0015439906,1217349.8768504285,1103013.6585920113,907883.687824398
2022-11-25,1066191.262224884,1213712.8012578099,1222613.0401621151,1110288.8466977712,916129.3578715508
2022-11-28,1067574.671725006,1205538.3226753783,1214466.5809210455,1091693.0084235708,917648.3950511263
2022-11-29,1068116.2080561828,1205002.408486587,1213729.1861308091,1093362.395679299,915695.384350082
2022-11-30,1060656.916598053,1228735.058151904,1237574.842763965,1113310.5144397141,931318.77740145
2022-12-01,1072146.4433467102,1230764.0040743288,1240313.876372912,1113564.0313405045,936309.4296135289
2022-12-02,1076598.1206690979,1233612.1393923194,1242929.2776990116,1123809.1315207242,945856.8470858413
2022-12-05,1077440.1960169983,1227084.7836763018,1236361.9983835004,1119929.8651858536,927195.8125234387
2022-12-06,1076838.5114466858,1217508.0448244708,1226139.2476984868,1115679.1979128136,912874.5131757235
2022-12-07,1060717.0648371887,1224531.2606026554,1233333.2490137608,1122736.8064395592,919384.0294281314
2022-12-08,1067153.6340510559,1231121.8155401142,1240870.3760521135,1133817.2287080458,923723.9377820655
2022-12-09,1067334.1798579406,1212919.986731632,1223362.1087658803,1118904.1725166384,907232.9439662531
2022-12-12,1058551.526049347,1220728.8758494486,1231742.8079069825,1127897.7924010758,919601.3191825473
2022-12-13,1071183.9704310608,1221482.2794962013,1233225.6174588276,1139945.090624073,927629.6994752842
2022-12-14,1079425.2900874328,1225955.2341908545,1238532.4956269944,1154926.9227974995,925026.0314857183
2022-12-15,1082733.7465083313,1203919.8154217047,1216579.5842838117,1138043.109373198,902459.1486604736
2022-12-16,1069078.4787928772,1192979.6220517699,1204073.8677817124,1114823.244567233,896817.4928813799
2022-12-19,1058130.5894648742,1191538.325800074,1202624.9816204805,1117689.4913281205,883387.860653379
2022-12-20,1056987.57074234,1188198.4667674499,1199359.896000827,1110464.5792478987,887966.0086105609
2022-12-21,1058130.5894648742,1197231.85873151,1208366.2488661734,1120649.9863111167,894724.4125298796
2022-12-22,1070221.4975154113,1195225.5049625067,1206167.1378713439,1123383.5846173812,889928.1956916723
2022-12-23,1066311.5587031555,1192455.6845442161,1203636.6488312231,1126458.68156367,887966.0086105609
2022-12-27,1069018.3305537414,1188490.2795028805,1199116.0824131693,1122006.8275817381,878373.4017949
2022-12-28,1068717.7915370178,1181110.1696441583,1191825.1848452669,1114379.841302521,873359.2026452906
2022-12-29,1064085.7705867004,1186335.7352674166,1197549.6578569792,1118141.4651291883,892762.3120183916
2022-12-30,1069499.7186457824,1185682.6069745827,1196713.0084392102,1115747.0440211424,892762.3120183916
2023-01-03,1064025.5212580871,1184994.771006083,1196097.7112917034,1116175.4421305652,885131.8057142184
2023-01-04,1073289.3609797668,1188279.932520115,1198405.447177591,1108593.0094325473,898212.5623604282
2023-01-05,1084959.635714264,1190802.8153182333,1200013.9596220164,1111103.1868320224,890146.2645726976
2023-01-06,1076958.9090144348,1214655.349513141,1224460.8093378332,1121474.726837722,901918.8676416253
2023-01-09,1085681.1113154602,1178470.8667106507,1187905.727595178,1077978.5192462734,902790.8834568566
2023-01-10,1057588.95204422,1185794.027669035,1194777.4252517652,1080735.1677547814,909985.4251382257
2023-01-11,1055062.4227320862,1185239.8157411846,1194217.9802471823,1083270.8420450874,915217.5200296137
2023-01-12,1053378.373125763,1180058.0930868825,1189206.7557739476,1090097.8849004325,922848.1994730334
2023-01-13,1048084.5193659973,1185433.5095021992,1194367.0065729495,1094779.4898864895,932004.4953873974
2023-01-17,1044655.6653773498,1174345.4548039685,1182776.6026355065,1080266.9496472368,928516.4321264719
2023-01-18,1038219.1972529602,1154281.2507332829,1162328.6361177764,1059815.4150199776,919795.9276956655
2023-01-19,1022579.0376460266,1155517.9168596622,1163023.9895674852,1058755.5996049577,920667.9435108969
2023-01-20,1021195.527056427,1159505.086216599,1167220.9327820477,1060757.7247957007,931786.5996456186
2023-01-23,1016443.2096278381,1158170.3009290136,1166043.757437398,1054102.2691001066,947919.4549299496
2023-01-24,1013856.5320765686,1153183.358167598,1161338.8527202085,1046345.8080436772,936800.9719344742
2023-01-25,1013856.5320765686,1155385.5993811237,1163847.8777352264,1046946.8132448923,940289.0351953998
2023-01-26,1021075.129488678,1148367.385151988,1157102.2962986103,1043862.0812841215,942251.3088461342
2023-01-27,1017345.4332148742,1140653.832675829,1149503.5319682918,1036710.7648815551,946611.3013526677
2023-01-30,1013375.3461634826,1131167.315190595,1138950.5415627223,1026308.0159499195,935710.8872382179
2023-01-31,975898.9496028137,1143244.588135414,1151174.2667676297,1039626.419814354,949227.6085072316
2023-02-01,984440.8082759094,1136172.6786170935,1144276.4081505234,1030717.0342997789,955114.0831809419
2023-02-02,993464.0550410461,1126387.1387843457,1136310.7268067452,1015279.1235628491,964706.4302877332
2023-02-03,997193.8524043274,1130885.597215703,1140220.885689906,1019110.4644207278,955114.0831809419
2023-02-06,991599.3585383606,1136063.759331664,1144285.1895654257,1028011.9615990545,953369.964980856
2023-02-07,984080.0199305725,1139707.1542137817,1147174.21594024,1033559.4173737576,960782.3158343806
2023-02-08,984320.5117976379,1134125.1381347699,1141858.4044454219,1020265.9438134864,946611.3013526677
2023-02-09,985583.9280879211,1130988.104439804,1138025.483638594,1007402.641012713,935274.7494761674
2023-02-10,972289.4487178039,1143799.942217036,1150700.4592458282,1003940.5730338664,932222.6508380459
2023-02-13,976801.2742793274,1154021.5268834638,1160535.0150046125,1013227.833338297,937018.7811066299
2023-02-14,980410.4718959045,1144222.3614067556,1150946.50942136,999722.4335192005,935492.9049268158
2023-02-15,976139.6436488342,1129551.6108784368,1136264.1658704667,991048.4705854771,936800.9719344742
2023-02-16,960078.3452784729,1112948.5776348705,1119871.6714546916,975381.7057034372,925900.2981111548
2023-02-17,953280.7855403137,1132933.3267891754,1139253.9164407027,986005.5971524364,944431.3916690242
2023-02-21,973153.5615718078,1125271.6058385184,1131090.3720550742,986568.207982704,915653.6577916642
2023-02-22,958672.9993617248,1120493.3943354604,1126005.4954600292,975607.9108502865,919359.7033639917
2023-02-23,957340.0335108947,1123018.049329188,1128086.1625905263,985544.2498250722,925682.2292301294
2023-02-24,957037.1694361877,1110665.404597004,1115531.4301560374,984499.0987862839,907587.2734343105
2023-02-27,946373.9480769348,1108858.3971668999,1112972.6727203007,987185.7572741414,897122.5642337948
2023-02-28,944313.9467036438,1096912.3392091203,1101685.6205160385,971888.0950183605,900174.8360111626
2023-03-01,929954.4896876526,1100460.1645768003,1104668.5448440071,978089.2476120964,930478.53263796
2023-03-02,925774.2376124572,1098217.4615389642,1102857.3282595943,971510.2584379765,926772.4004960093
2023-03-03,925046.8988215637,1105687.3608415993,1110972.0703209413,975230.076496234,939853.0705725957
2023-03-06,934559.3175685119,1112477.1950554356,1116436.7212363086,992045.6184104442,924374.2487920941
2023-03-07,943889.5730769348,1097809.6093458128,1100898.8649126543,985297.8235404696,908895.2538723458
2023-03-08,934983.3879267883,1085457.1149481568,1089622.0862308496,961332.4733371435,906715.0844798327
2023-03-09,928137.2041499328,1071857.7764694404,1075606.6044393138,951084.6075076162,887311.8885371084
2023-03-10,917715.8526869355,1073671.8776738993,1077261.133284628,959098.7672983281,863548.7000878509
2023-03-13,919957.951319748,1079416.3410991428,1084351.542520143,957545.8701196924,879463.4864911566
2023-03-14,928744.256220871,1088601.385889882,1092637.6942011386,956588.3242495727,895378.5326033321
2023-03-15,933955.6998549042,1095509.032028922,1099716.3030939808,956936.2060404166,894724.4125298796
2023-03-16,936561.3711195526,1097036.411952871,1101322.4725393835,964638.3790076148,901482.7298795746
2023-03-17,934622.3844862519,1079024.0578638953,1084278.404436326,945778.8018066927,885567.8569066457
2023-03-20,924623.9349012909,1097251.0396697023,1102527.1429529754,956473.377817587,895515.5723169737
2023-03-21,933773.7113295136,1095079.8047368736,1100235.0512569072,960455.7059116325,896390.1852209031
2023-03-22,933773.7113295136,1079219.0937564722,1083995.941057585,941463.4329026011,875182.7917595414
2023-03-23,916564.6741591034,1086041.1143989475,1090942.2675590839,951449.6764489878,869498.3705865508
2023-03-24,917049.2691603241,1100306.6412950216,1105114.6221232365,968114.0451985545,877150.5192965422
2023-03-27,926260.0117445526,1102841.2487590502,1106741.6899785586,962432.7287794796,892892.0798836781
2023-03-28,930198.6478529511,1103444.1233118568,1107253.8335393814,965885.714578473,886114.457507993
2023-03-29,921230.3544264374,1107819.3773212759,1112397.012734217,969445.3723120787,892673.4050152899
2023-03-30,930259.2095900116,1110997.3190320483,1115347.9858535014,970547.9704335254,888519.3616425236
2023-03-31,930986.4559584198,1122065.365568627,1126603.8182099117,979676.7245066257,896608.6869500448
2023-04-03,940500.2094374237,1132410.163018438,1136777.2487454168,983562.5946242904,902730.4578598118
2023-04-04,951710.6014967499,1128953.1782855026,1133320.5859235416,981333.1555429342,892673.4050152899
2023-04-05,961648.2871351776,1154521.3770559144,1159268.2928394608,1000857.9992036261,895952.8354841267
2023-04-06,1004792.9134779511,1159550.5517939287,1163888.0922080295,1002497.8201804848,910601.108298945
2023-04-10,1002005.4558973847,1153886.5427443255,1158367.2393883565,993493.4437897681,909726.668534262
2023-04-11,996976.0007887421,1153971.7075953372,1158577.0616386756,994400.6705509711,909726.668534262
2023-04-12,996673.1921034394,1155478.58187631,1159004.7016553446,993603.8354760522,904698.0122575661
2023-04-13,994552.4191542206,1168368.3065773202,1171351.530861335,1005135.1849333567,919346.4582116308
2023-04-14,1007822.9213209687,1163361.1017791382,1166213.164797733,1001324.169756005,906447.2380654252
2023-04-17,1006186.8444777069,1164741.6295501236,1167613.96363144,1004828.4337801586,924593.7027870917
2023-04-18,1005156.789423996,1157113.3994755473,1158750.5470542016,996751.2169812567,916941.467507477
2023-04-19,976918.5398817597,1157032.2973775708,1158670.0112127522,993607.7414856544,922844.5635488561
2023-04-20,986129.3835707245,1155265.8448771737,1156495.3863192082,993741.3629388856,920439.6594143254
2023-04-21,992492.1068373261,1165689.6973982179,1166412.7311061448,1008821.2677743809,930715.213987989
2023-04-24,987098.9779921112,1168529.8649222725,1168691.3322192414,1009889.6516394067,925905.4057189279
2023-04-25,993097.9264174042,1162275.0600614445,1161851.4296959103,995092.6797196498,909508.0802354971
2023-04-26,1002187.343318039,1141806.879437313,1141943.558399545,973309.1401697196,902074.4332546473
2023-04-27,986674.7425184784,1135215.4067489281,1136003.5206588504,984756.2425603024,911038.631174968
2023-04-28,988977.4028883515,1139632.6161941695,1140590.8292413668,998795.2015545763,919783.7213787839
2023-05-01,993219.1509962616,1149348.2462949746,1150033.4465574191,1008629.3392662377,927435.6969495289
2023-05-02,992613.3314161835,1145623.0481359994,1145731.1019244387,1014069.7006204757,916941.467507477
2023-05-03,1001278.4117384491,1133004.7104933872,1131758.8503956732,1012471.5924748759,923281.9132856324
2023-05-04,988189.5947828827,1130145.0403639944,1128960.497485378,1011300.6256676349,914973.7399704763
2023-05-05,983705.7008314667,1142327.0521965218,1141219.2410239084,1019196.6416953771,928091.7215546934
2023-05-08,987038.3151503144,1138555.8241416481,1137541.5566309309,1016315.7523075128,928091.7215546934
2023-05-09,984796.0143080292,1134174.1585287764,1133207.938079411,1011639.6887560167,926123.9940176927
2023-05-10,977160.9890394745,1133826.2026197244,1132549.623179254,1012472.171562799,926561.5168937157
2023-05-11,980796.7153578339,1132077.742765305,1130486.2630827064,1006606.0617607224,918471.9318773246
2023-05-12,976797.4164076386,1128004.0360985745,1126340.5363884144,1003294.7365502809,907758.7678580148
2023-05-15,975524.9121962128,1126897.254264011,1125080.3529716674,1003675.3791724214,909508.0802354971
2023-05-16,968071.3699293671,1114709.6775358366,1113004.2844980482,995569.888828766,892892.0798836781
2023-05-17,966799.067927414,1110404.0980352026,1108921.8004778489,987708.5570015255,890924.3523466774
2023-05-18,964678.3960829315,1104481.247902889,1102964.8967629245,983147.9826476155,886551.7206751461
2023-05-19,961587.8265028534,1112170.8914381403,1110152.6352541554,991907.6997203671,889612.3897059715
2023-05-22,964193.2955580292,1113256.265039402,1114438.9661829507,984039.8043955899,896390.1852209031
2023-05-23,959003.7916517792,1110699.0979655108,1113947.858669776,971138.7681350827,889175.2996780649
2023-05-24,958637.5902967987,1103446.7475944255,1105170.7869692796,955263.8065068237,881741.8258364616
2023-05-25,957721.5813856659,1086235.79010261,1087465.774269531,939721.0879097446,867967.9927863264
2023-05-26,943984.5819654999,1080433.2986713308,1081890.1335074892,943300.5400973224,865344.4137834077
2023-05-30,943618.2795057831,1074099.6027501903,1075738.8262971148,942357.2395572251,854850.0977717325
2023-05-31,943740.2118177948,1083265.994204226,1085891.8942738436,942357.2395572251,862502.246481724
2023-06-01,947953.0439711151,1077891.1021456306,1079928.464025627,942357.2395572251,865344.4137834077
2023-06-02,944778.051936203,1092761.9096061816,1095091.6366886909,942357.2395572251,884146.8165406155
2023-06-05,959614.2620497284,1099011.1776694446,1101636.993956903,948531.9034787382,886770.3089739111
2023-06-06,967856.6234694062,1086215.8457689788,1090105.248600627,941660.185843393,892236.2284177601
2023-06-07,967001.7829237519,1088099.939209182,1093046.7872028684,954421.8520258309,896390.1852209031
2023-06-08,969077.4631605683,1100178.1445663439,1104401.3267137203,959330.2534788118,897264.6249855862
2023-06-09,979700.8411207733,1098149.2625227203,1101957.3635652154,955188.4691617505,886114.457507993
2023-06-12,978174.6651259003,1099301.924053216,1104269.757264426,965291.4213920534,892892.0798836781
2023-06-13,977502.9252577362,1100852.7964662102,1107127.0260659365,960360.7232939599,905354.0368627307
2023-06-14,982631.665217453,1093280.5561907543,1099057.2982841176,955074.8829133911,903823.6590625064
2023-06-15,987637.9673414765,1102229.6060991038,1108758.9574532462,966793.8956344231,913880.7119070283
2023-06-16,1000886.731989914,1109304.4107614944,1116452.0638562683,971364.3309279444,914755.1516717114
2023-06-20,1003939.1850843964,1103407.212921521,1109444.3321882973,963839.1490186279,919009.2695289816
2023-06-21,1003328.8157911835,1100927.9341577333,1105824.819105942,957577.9263951519,919009.2695289816
2023-06-22,1001802.4375868378,1108548.3976539625,1112377.9935540818,963255.4292801745,919228.5503847328
2023-06-23,1012425.7144423065,1099453.8456883328,1102796.4857959165,961262.3173557034,905194.4890470381
2023-06-26,1011571.0761061249,1086155.9031640866,1088369.9804400145,950072.327857989,890721.8659978413
2023-06-27,1000276.2615919648,1081297.1182065364,1082529.7730264443,947098.8573637125,890283.4774255856
2023-06-28,998200.0758314667,1077869.3833837693,1079196.0910999246,942165.7192669584,883266.4034719267
2023-06-29,996185.5639601288,1079357.3316381911,1080234.1825222643,947222.2566128116,888309.6900149557
2023-06-30,1003145.6140089569,1090080.0702272735,1090793.883774827,956326.8289534217,898835.3442302558
2023-07-03,1011815.2440443573,1089241.2632940281,1090265.833487144,953512.3013642676,901466.8010688925
2023-07-05,998566.6816053925,1092191.914671659,1093292.5150010304,951939.0643460554,896861.8165284958
2023-07-06,995269.555048996,1080151.9401175804,1080999.6860115738,940064.8746571549,892256.7454184759
2023-07-07,987882.1352797089,1059132.775741566,1061344.9433457984,923185.5988920791,882389.4531881687
2023-07-10,973534.5643568573,1069148.3025286484,1070928.3508613985,927385.9320343311,891818.3568462201
2023-07-11,975121.9087172089,1068238.5640575988,1071114.4304559238,919357.2667203087,899054.6250860069
2023-07-12,969749.3041334687,1064388.1324185238,1067898.1681164578,925904.9452563636,895984.8662447379
2023-07-13,966391.3125258026,1065169.0207995875,1069441.076043145,934028.344406985,895984.8662447379
2023-07-14,970848.211512619,1071216.989843958,1075424.1056169446,933084.6773184426,904975.208191287
2023-07-17,977319.824580246,1065670.046124514,1070050.358068461,928948.2568241082,900589.5045066414
2023-07-18,972435.6569777069,1072197.6309070908,1077128.8890794164,940064.3988668801,904755.7541962893
2023-07-19,972374.5897169648,1075059.97758938,1080199.574567265,936086.532206104,912430.6707172017
2023-07-20,970420.6395826874,1096880.9367663362,1102123.4390326445,950498.1394227998,917255.0226829726
2023-07-21,1029276.6386366425,1109726.9537987951,1114981.1295046387,959491.8386547928,928438.4328959028
2023-07-24,1040327.1841078339,1102500.2757254704,1108954.6210316282,948099.3198277366,927342.0286171472
2023-07-25,1045761.058161789,1092445.5122422911,1099217.07020151,946319.0854656622,923175.6057882528
2023-07-26,1053759.1505384978,1089156.9207304737,1096545.0433062916,947390.15142578,929973.4854557839
2023-07-27,1055773.8646193084,1084423.5166811487,1092369.8051232542,965758.6659636056,922079.2880791205
2023-07-28,1061696.0745497283,1092042.8914316362,1099288.4801695382,971984.6978915664,954532.7681606621
2023-07-31,1066519.3771009978,1087615.3874483132,1093934.8866998297,953308.4685577672,958699.2775591798
2023-08-01,1024087.0336256562,1080346.483135343,1086751.8535916577,950923.638716113,947954.429057752
2023-08-02,1032390.2600966034,1082690.392029295,1088515.6101377849,952295.5029961735,942472.4942335973
2023-08-03,1038617.9074354706,1078978.5553793064,1084335.082881593,953357.5958346685,945761.7936394875
2023-08-04,1043074.7053175507,1087353.2215678222,1092948.1674587154,964892.2863941531,944884.4970772365
2023-08-07,1033306.1679029999,1106796.574682581,1112862.1599516636,991048.9178454055,945103.6047937409
2023-08-08,1058094.1172133025,1110904.3788356862,1116861.9072618976,999906.8420197977,964400.5798087089
2023-08-09,1058582.351985031,1110730.4376125943,1117061.42159009,1000365.5737107313,955848.6264344155
2023-08-10,1057910.915431076,1111089.6607994016,1117461.342440615,1003636.6107182769,953875.0987326553
2023-08-11,1052416.075221115,1119527.1249892856,1125584.341971101,1009110.2333219717,956944.771004301
2023-08-14,1062673.049616867,1121060.4844021832,1126564.4391902266,1006542.6747416195,953655.731307281
2023-08-15,1060169.797450119,1120030.9450462088,1124696.912272526,1011724.4820104173,951901.5710308953
2023-08-16,1057117.1421461639,1111506.8423958845,1116331.4036837812,1008133.1481477348,941156.7225294674
2023-08-17,1053759.1505384978,1112455.719615543,1119080.253881323,1009125.574796398,935236.2259938106
2023-08-18,1063649.7213697967,1109554.767182162,1116215.1284073107,1003868.4813131759,939840.9508253374
2023-08-21,1054369.8231459197,1108387.676015881,1115095.204787515,992510.2356526739,942910.8828058532
2023-08-22,1022988.0251417694,1098759.0234289127,1106265.5650409716,976447.8445785445,946200.0956421198
2023-08-23,1014868.0004530487,1104389.7692177799,1109912.0087172978,971334.0655332968,950366.5184710142
2023-08-24,1005771.0006971894,1096501.0916800827,1102131.7492275264,963388.0958751765,942253.1268082231
2023-08-25,1009189.7562513886,1103731.7065815874,1109495.2780312526,968863.604035194,948612.2716250053
2023-08-28,1023641.7683668671,1100194.772785345,1106048.6334470722,963037.8433038502,954532.7681606621
2023-08-29,1011588.1628065644,1110076.7179676588,1115432.6483668725,974253.2510762903,963961.8449579601
2023-08-30,1011711.308375412,1106680.614654791,1111483.6713580121,970417.7926405238,963961.8449579601
2023-08-31,1008144.3635557633,1095923.6150344086,1100460.7761905992,959960.9236968294,958479.9101338055
2023-09-01,995536.4366911392,1099855.3281313442,1104468.5532267112,963659.1883738739,967470.5983588478
2023-09-05,988156.887117897,1085320.6618911533,1090549.8767746964,945688.4687145907,948612.2716250053
2023-09-06,989383.938825714,1070691.2572811653,1074783.9000686842,931450.1973683753,940498.879962214
2023-09-07,972961.8102398986,1079763.9365738302,1082862.127059787,942874.3660806132,940498.879962214
2023-09-08,985383.3240033264,1089431.813261991,1091798.5578440526,952570.2880811469,942910.8828058532
2023-09-11,988648.3746853942,1092751.8195400208,1094908.4185553968,948639.4637790213,947735.234771624
2023-09-12,1001565.6314526672,1092163.5191726414,1094544.8805285522,946970.5347121522,949270.200761882
2023-09-13,1007222.6947537536,1088703.230099999,1091508.7961953701,936113.1456713236,938305.9848350796
2023-09-14,1009745.6422558898,1097425.205711962,1099379.3596621784,935177.0325256523,940498.879962214
2023-09-15,1008210.1505643005,1086931.1524501755,1089035.4159223898,922286.3916392291,930631.1548837906
2023-09-18,994122.7037793273,1088614.7872808329,1089773.1140712616,932076.3001186717,922714.6225443227
2023-09-19,1000395.4068051452,1090785.9546351933,1092639.3819744359,931909.7214825712,916337.557815523
2023-09-20,998735.2770291442,1097056.725389036,1098135.7958118084,940760.7835492766,911279.7275757839
2023-09-21,1003101.9265118713,1090725.362920796,1090925.911195712,935706.1145081866,894567.1155243921
2023-09-22,995413.2116528625,1085608.1243838035,1085735.1357187387,930012.1536281477,890828.5197737139
2023-09-25,988278.8464490051,1085505.5779191244,1086219.2701668062,934367.8814246404,887969.9908132316
2023-09-26,986802.2199612731,1084490.7995479845,1084286.8463541141,935948.7722207734,886650.4966153008
2023-09-27,979178.6324521179,1077414.2407039583,1077207.9263030556,933472.8271232244,879393.8845140449
2023-09-28,967432.7439252014,1078488.4183432527,1078077.158922515,933983.4652186803,882032.5266314131
2023-09-29,966017.8284207458,1071972.7206773187,1073964.959764627,920646.6159051652,874115.9942919454
2023-10-02,959067.5737744445,1066319.8106708648,1069716.206102168,913948.7721576017,862021.3522244411
2023-10-03,955375.0311642761,1057452.74817634,1061531.1002910458,902326.8213907671,848827.1028021201
2023-10-04,956541.4076672668,1064406.4020189673,1066955.744736119,910779.7848086467,845088.7667603119
2023-10-05,957652.6669827575,1069845.8801499305,1072364.6352372614,909105.6698578015,852345.4654311911
2023-10-06,967614.8105450744,1074458.4441447663,1076206.5335452694,912838.4171856594,858722.7898688609
2023-10-09,970689.8194180602,1080585.9240248825,1081863.0486485185,920526.612440678,859382.5369678262
2023-10-10,976225.4801007385,1079642.9345990648,1081176.6417741736,919051.7645517446,863340.586713502
2023-10-11,975120.998540985,1088849.2545769606,1089124.7353976946,943484.9193940149,859822.224084431
2023-10-12,961717.346815216,1085976.769543758,1085603.0435789754,937113.9086965359,836732.5473042392
2023-10-13,962639.4760266418,1087055.000763744,1085393.898822132,937223.5179108839,831234.8568086489
2023-10-16,965839.7767010803,1098709.3461579555,1098885.3757700962,952647.1488818893,843549.558858514
2023-10-17,970025.6498929138,1099489.9098031393,1098683.0752279896,954451.8282212436,842230.064660583
2023-10-18,961173.6246777648,1085012.5448630794,1082580.904615433,945634.8072606457,822658.5773702157
2023-10-19,940508.3084622497,1069765.8753459281,1068043.1074932527,930039.197385953,809464.414517518
2023-10-20,937983.6613751525,1071364.3023468659,1068048.1853500826,922663.106463952,807485.3463598685
2023-10-23,942163.6861706848,1063374.732679715,1060388.2049240852,911725.7501191315,795830.3048393459
2023-10-24,932262.0384579772,1065801.2069518599,1061861.4952273304,920302.0018791136,806825.5126912799
2023-10-25,931279.5150281066,1063175.878163901,1059900.8791128476,915115.9279772056,799129.1269037959
2023-10-26,933371.4285107726,1053484.772764375,1049315.808959451,911638.9375365522,790992.5345819674
2023-10-27,917566.9389096374,1021683.1818820038,1017475.7588184157,888043.94351255,778018.3451420071
2023-10-30,896652.577573883,1031474.6867810074,1027803.7049735197,900471.195202286,780437.1869858846
2023-10-31,905449.8447629089,1029651.7704746866,1026808.4551814854,904111.8580053586,787913.772499878
2023-11-01,913507.8965054626,1037931.368188092,1034313.5239089045,914268.9367529458,791212.4214250814
2023-11-02,915664.9749585266,1045989.7049456049,1041693.1585920607,920197.6785317754,801547.8821780502
2023-11-03,925200.2050915832,1057822.2399300523,1055451.0164199022,926952.4318958479,820899.3960556802
2023-11-06,931965.6120816345,1059724.5004124132,1056633.7291924409,929497.0333021979,813422.6374024403
2023-11-07,934178.3603116149,1055041.3860398643,1052081.3640807013,923531.487258836,811663.5426575282
2023-11-08,929257.0384884948,1043551.8760415507,1039679.3203623521,908873.6979037081,805725.9919060866
2023-11-09,925867.3955289001,1013407.6385668044,1009702.0987429719,883046.8259862068,775599.3301588829
2023-11-10,907840.543035614,1015797.4906034694,1011656.150072911,882163.7791602205,775379.2701765224
2023-11-13,906797.6160107726,1012481.5415230172,1006992.039085131,882163.7791602205,774059.9491178383
2023-11-14,909131.9168072814,1015799.1586694843,1011002.6301822899,882163.7791602205,795170.6443100037
2023-11-15,909315.751653778,1023875.0121681155,1021552.8328300932,882163.7791602205,804186.697434665
2023-11-16,916327.3393002624,1021899.5138515901,1018581.2326877026,882163.7791602205,795610.4179962318
2023-11-17,924320.557424652,1020480.1713364443,1017580.5446250814,879207.8381040898,805506.1916325957
2023-11-20,922416.4937344665,1021127.115358948,1017278.6389373832,878328.6302659857,811223.5958320535
2023-11-21,930538.7457257385,1017335.9905706563,1014777.550014704,878328.6302659857,804186.697434665
2023-11-22,938035.6823865051,1021786.7093045806,1019487.3822156684,876869.0314055214,808804.6674185527
2023-11-24,936178.8534527892,1025045.5346015,1023306.811939936,885749.9914745355,816061.5392286786
2023-11-27,946592.2626477355,1018146.412465306,1015612.5959421166,878664.0673280243,811223.5958320535
2023-11-28,939028.3575039977,1013248.9816258361,1010465.5672029398,875185.7159273254,805725.9919060866
2023-11-29,941196.8312817687,1020513.5359360573,1017841.6430438318,877765.2239711112,808584.867145062
2023-11-30,944174.2317792053,1036387.3179435444,1033460.1881600998,890127.2771558512,813642.4376759311
2023-12-01,959985.3379498596,1043674.7194515014,1037359.8308738363,884575.0735303694,827056.6605109894
2023-12-04,983048.4094525451,1048576.7561735925,1041998.441221383,889569.8824117401,842010.177817469
2023-12-05,986149.8836880798,1049430.6330229596,1041897.3981832871,887409.0088971783,839810.9631078356
2023-12-06,984106.1102658386,1049189.4369975948,1041171.0199779067,885250.2695884869,838491.7286187748
2023-12-07,972142.9217969055,1048474.4987628895,1041070.078277595,881268.2162262042,838711.6154618887
2023-12-08,964576.6681882018,1050080.5678249104,1043021.7916545985,881637.0337091336,840690.6836195384
2023-12-11,958504.3689328308,1062192.9352222623,1054479.0678072802,895089.4459501527,844868.9664868212
2023-12-12,962474.5739422912,1066727.0550614037,1058231.5419700905,902606.3673712327,854104.8198849732
2023-12-13,962538.871297943,1083425.8150550383,1069133.8295885937,920400.9862396617,881152.8061197106
2023-12-14,967008.2093106384,1078274.6119310658,1063650.5846898342,920644.2093289931,882912.0740038693
2023-12-15,973701.5003644103,1067200.0328538697,1053755.2897735182,903478.3057000315,876095.1490192182
2023-12-18,963097.2328091735,1069988.0926587253,1057522.7424597363,901824.6622705158,878392.1874031503
2023-12-19,964830.5837536926,1078430.4244513789,1068158.9936388636,903772.686733346,894957.1982468612
2023-12-20,971153.5450039977,1062964.8295801596,1052021.017323305,888560.3208125813,878171.0885853104
2023-12-21,951376.3648129577,1075113.055688132,1064945.066459505,897803.2949347445,892748.5474482911
2023-12-22,961109.4524823303,1088944.2310353667,1078101.1530932162,911823.8407079593,906000.5388093353
2023-12-26,964955.0113252029,1089027.1377901486,1078024.496703349,914134.3966094562,913510.1939194188
2023-12-27,969171.2736949616,1092974.0962389032,1081788.4866916523,917073.4394983479,925878.8288445829
2023-12-28,970474.9752266998,1096719.76350922,1085159.8380964987,918170.0269650151,923670.1780460128
2023-12-29,971904.8712103958,1096259.2149497468,1084609.566443446,915988.8629984062,919252.703309626
2023-12-29,972895.9640982742,1096259.2149497468,1084609.566443446,915988.8629984062,919252.703309626
