date,ppo_phase5_fda,buy_hold_equal,equal_weight_monthly,momentum_20d,xph
2022-01-04,999590.846155014,994242.5571683424,994242.5571683423,1000000.0,985410.8542378774
2022-01-05,995548.89350782,998457.3195675104,998457.3195675103,1000000.0,966745.4911943111
2022-01-06,1001202.2475134734,993318.6697516119,993318.6697516117,1000000.0,963312.4862137875
2022-01-07,996655.3815766677,999963.5757056482,999963.575705648,1000000.0,963956.2179324473
2022-01-10,1006715.8329867553,1014385.0752632698,1014385.0752632697,1000000.0,979618.0478965486
2022-01-11,1016625.3798889387,1018978.7989299236,1018978.7989299236,1000000.0,984981.728615312
2022-01-12,1016608.2736103056,1007180.0877936344,1007180.0877936345,1000000.0,965243.5948001436
2022-01-13,1012702.5142207565,1006188.0223466216,1006188.0223466216,1000000.0,945290.854888881
2022-01-14,1005521.8127032088,1010821.465330872,1010821.465330872,1000000.0,947007.0976702729
2022-01-18,1005284.1124475326,1003493.8333613914,1003493.8333613916,1000000.0,927483.4833815757
2022-01-19,997017.8683699874,994366.6778592395,994366.6778592395,1000000.0,926625.0589971982
2022-01-20,988278.0121147727,985324.0969202882,985324.0969202882,1000000.0,917614.2000499333
2022-01-21,982646.4642633933,975711.5655137731,975711.5655137731,1000000.0,904097.911629036
2022-01-24,975474.033051174,969305.6302838529,969305.6302838529,1000000.0,907959.6093840087
2022-01-25,963613.2022672804,975167.0141646017,975167.0141646017,1000000.0,907316.2239438419
2022-01-26,975269.4290016174,971495.7239985275,971495.7239985273,1000000.0,900236.1273044401
2022-01-27,972085.0250588263,982407.9764674623,982407.9764674624,1000000.0,891439.6147443997
2022-01-28,982874.1041826705,998678.2717126699,998678.2717126698,1000000.0,910748.6229370026
2022-01-31,996966.3029435157,994329.8254514877,994329.8254514876,1000000.0,934777.8398385788
2022-02-01,990087.9010417365,997789.6115771256,997747.5606713413,1000000.0,944432.5170741268
2022-02-02,991769.7697416915,995101.7336893687,994760.6481348983,1001311.390458244,943359.5731632783
2022-02-03,992075.3101126327,983739.7199938905,983527.5123109182,990422.1717398159,922119.7160931891
2022-02-04,977499.0947538986,980205.7631761334,979784.7822512566,992153.83675115,931345.1811365483
2022-02-07,968398.2432371749,983286.4666658663,982771.8989605751,1007272.4540723374,938854.3168288922
2022-02-08,966854.0717970504,989563.8505030562,988866.6397745236,1008452.648942905,935206.9654611442
2022-02-09,972848.0877730026,990283.5349042268,989579.2830745446,1008103.0903502564,956017.8700479146
2022-02-10,967139.0664106979,974328.9530747238,973276.0368140276,991942.1685401741,950654.5356076444
2022-02-11,950667.5970501327,971064.1976646604,969851.8456066079,991606.8717578759,942930.5341103361
2022-02-14,949583.0560726547,964851.3421786763,963418.4736948977,994544.3768934819,932203.345812056
2022-02-15,938491.5160717391,973711.2114016009,972108.3287825672,1007810.1046693216,954730.8394587113
2022-02-16,944319.8871120834,971949.1419075694,970364.675467604,1008669.626179538,955803.2639518202
2022-02-17,942469.6626934432,963187.9471841854,961458.8154360326,1003499.74245179,935421.7446964852
2022-02-18,933457.1354565048,959198.7093915346,957376.5621083406,998539.4475125419,929414.1591198156
2022-02-22,928340.1395916366,956133.1390172059,954193.3304236385,1002435.2444214144,914825.0999273162
2022-02-23,920444.3133053207,956678.2988289695,954595.8376955927,1010134.2507791982,900450.5602612878
2022-02-24,917938.7988399887,940238.4235685066,938163.0471740734,998835.2731994817,913966.9352518085
2022-02-25,901032.8687573241,969306.6817605206,967004.0275930538,1026167.7308690192,940141.6936965887
2022-02-28,933282.0552464293,965343.7139556668,963016.2703433227,1019963.9545276588,928985.2932061199
2022-03-01,926695.635164337,960442.9734426497,957906.0032726384,1018710.7635039265,926196.2796531259
2022-03-02,918912.4174328612,971274.768951271,969217.4217995611,1028532.1407547313,946577.7989084609
2022-03-03,935652.2003346251,980270.0995832608,978272.092069919,1037826.5286538303,934777.8398385788
2022-03-04,944871.1476155089,984078.8014276153,982200.999146016,1039824.4271957041,931559.6140933961
2022-03-07,951981.6122723387,978362.9629021056,975857.020081617,1036478.48353906,918043.1525332523
2022-03-08,949948.9904652403,964107.3359354223,961700.4374282685,1021181.037294371,913108.8571459241
2022-03-09,936905.3094883726,970629.3616308011,968230.8162206927,1027580.3079499393,940570.7327495308
2022-03-10,944585.6618557738,966684.4220449985,963947.7174284317,1029551.2647274594,941857.9364779807
2022-03-11,941162.349088745,970949.8454280356,968415.0096351893,1033185.5020280491,937137.9009082539
2022-03-14,947987.9701252745,980740.0913996086,978490.2759035382,1042991.8159851062,905170.5092613916
2022-03-15,962348.2173481749,993331.6696199351,990585.0227605823,1062495.1458298997,917399.5939538389
2022-03-16,972421.012785034,995592.2788541466,993438.6876502236,1063730.6934187135,940785.1657063788
2022-03-17,971314.542749481,1010919.469242936,1008983.4728148157,1082978.6131459333,967388.9632041011
2022-03-18,988175.3893948363,1014213.6722311054,1012395.2079238396,1082162.1241350642,978116.3246416277
2022-03-21,988042.2702809141,1014556.5705379401,1012461.1974603223,1081356.1592706675,968875.3636357026
2022-03-22,988423.8892651366,1014024.6855648631,1011854.8120031088,1071200.5659023707,979430.1052444224
2022-03-23,983879.2505131529,1008104.4084615539,1005285.113251804,1060583.476554266,971460.3325866414
2022-03-24,976104.1190624998,1018340.4638960559,1015313.7537113088,1069268.7434101684,979860.9622594535
2022-03-25,983539.5421315001,1023894.9897190531,1020275.1754482071,1077377.1247092912,978999.5079382613
2022-03-28,989939.6137142943,1027480.0106091163,1024105.5047154449,1080908.9367249743,974260.5136210377
2022-03-29,994874.9014607237,1031868.3307971782,1028722.7897109961,1076823.577667505,990846.5608832041
2022-03-30,997288.2608166502,1033430.8776426897,1029294.9363934632,1081992.5459104145,981153.187026053
2022-03-31,999386.7644367979,1026795.2825293371,1022605.0607504947,1071525.5536133114,975122.2276510994
2022-04-01,991473.9085331724,1032751.9091256564,1028087.5677867983,1077800.5268419439,990200.3186454693
2022-04-04,997194.5721760557,1032466.5565937697,1028237.3945543615,1075063.566334007,993431.2701252733
2022-04-05,995843.3903103636,1033256.5391996319,1027887.9180179781,1082567.7224046362,982445.844640769
2022-04-06,996867.7255802916,1055226.2853432216,1049542.4779059237,1104467.410937427,992139.0453586733
2022-04-07,1019777.7886486815,1073227.817366882,1066967.9167976277,1131303.5032381655,1000324.0300999116
2022-04-08,1035474.2826023863,1081660.1065513042,1075741.0348970979,1141272.1672653006,993000.326540619
2022-04-11,1041538.9904919432,1064647.8020764308,1059117.136450418,1119349.564852596,969091.0085672762
2022-04-12,1028700.6175671385,1056754.7025042246,1051114.1881305657,1109749.9353847096,963059.6163442064
2022-04-13,1021422.5106449889,1057940.9956106422,1053798.8201673063,1117844.234025676,978353.1791309033
2022-04-14,1027387.8180104063,1062314.6779145221,1057172.00069175,1125070.5670951407,973829.74317563
2022-04-18,1028365.6779270933,1050527.1701310922,1045773.2856884928,1114683.0553038423,942811.9337264516
2022-04-19,1015591.6033001707,1055062.0920565764,1051846.5319204994,1113903.7114364957,950781.792953856
2022-04-20,1018638.2622662352,1059156.8555644166,1055449.2285013313,1116023.6931513918,948412.2957952442
2022-04-21,1023033.842195587,1058521.3398513703,1054182.5921135885,1115754.229613869,927087.6870639705
2022-04-22,1019409.1715870665,1035517.3189682672,1030878.8052368377,1090157.0828370543,907486.1601143272
2022-04-25,1001138.8574314879,1047900.6112740287,1043619.1840965416,1096572.9822546067,913732.7644208544
2022-04-26,1015005.1602764891,1037791.3318257814,1032768.759313674,1084767.6720078618,894346.4495546686
2022-04-27,1007316.5288449095,1038228.7927907903,1033110.8264328042,1083020.8540932813,896285.1762678728
2022-04-28,1005572.2166806029,1045196.4107917408,1040220.4684100953,1091278.171412568,903824.4381891158
2022-04-29,1012907.1896267699,1019003.8058758017,1014560.8251951126,1068804.7637837227,889607.801515938
2022-05-02,994159.73019989,1015248.9436743635,1011065.1125426472,1059427.9707319112,892407.9825503342
2022-05-03,986379.9353581236,1017679.4401965048,1013685.7597810643,1056483.2812987892,897146.8902979346
2022-05-04,989633.0048695372,1034170.3237457119,1030363.16774677,1071195.0850893161,905978.4635554006
2022-05-05,1004449.0602627562,1021738.7956254028,1016508.6077034301,1063948.6522401818,876899.1211105566
2022-05-06,990429.7264080809,1021884.8285489406,1015791.4373309733,1066450.7132388372,853204.8420814247
2022-05-09,994758.3394184874,1017177.2399147118,1010918.9293622099,1065573.2024425305,821756.3487564619
2022-05-10,995654.982153015,1025085.2619601953,1019777.7127869934,1064507.629240088,839850.2657168016
2022-05-11,1000824.8055210875,1021967.678005869,1015646.4194478344,1080156.1163406423,822402.67756382
2022-05-12,1000151.5158634947,1038719.1627414352,1033255.7056232849,1100017.6926950125,842434.8018196243
2022-05-13,1020047.4339657591,1035985.6406545346,1031139.8063578227,1095409.5280670994,865267.2802490712
2022-05-16,1014307.7846241759,1046584.3901988454,1040905.3117674903,1105838.814871779,879699.3021449528
2022-05-17,1025721.0161572264,1056568.058887739,1051332.4501621106,1114908.9218832238,903393.4080348384
2022-05-18,1034658.0461483763,1041485.3258953448,1036113.6517706455,1097341.4774275478,875606.6366350874
2022-05-19,1022937.4401531981,1037241.3928156663,1032217.9140172485,1099270.2363172595,879914.6007980334
2022-05-20,1022732.0448933409,1051633.2464829942,1047750.8917087963,1127734.1762648607,892407.9825503342
2022-05-23,1041803.639410095,1054326.682228331,1050422.9110189609,1129982.7998781106,891977.03896568
2022-05-24,1049808.4113941954,1064597.579816387,1060962.7093249366,1141092.1268669378,879914.6007980334
2022-05-25,1060601.3071575926,1067089.4513528806,1063715.0957634114,1143552.88184016,884868.8937683377
2022-05-26,1059669.1453038023,1064680.5398381995,1061688.358561935,1136518.8403387705,894992.8649316499
2022-05-27,1055750.9609013365,1066283.1434712757,1063938.127315118,1140444.337841966,912655.6651680886
2022-05-31,1062040.5857373045,1055311.4550330006,1052752.6371566022,1136806.8416734743,905116.7495253388
2022-06-01,1054820.7359219359,1046729.8759509936,1044383.9891857483,1126652.5763205255,891331.0564368151
2022-06-02,1044408.1013775633,1040124.3416809875,1037695.9483810004,1113662.838453001,902316.2222124494
2022-06-03,1034983.1238270567,1042361.8374609823,1040321.2924580637,1117522.7111534453,907701.4587674078
2022-06-06,1036160.8756047057,1035967.674601159,1033219.2397070257,1105093.2742807472,901024.1705850965
2022-06-07,1030580.2180805968,1048690.0998095502,1046092.2420682594,1118063.9448916665,921271.853202851
2022-06-08,1039730.6758862303,1046523.0027990354,1044930.3783428668,1123744.89175299,912871.1369604159
2022-06-09,1032532.8915539549,1027175.2576639858,1024927.4825208789,1098042.1060735635,890469.25583713
2022-06-10,1011024.1451283263,1012832.7625415318,1009980.9062874843,1074070.4708988497,868713.8766604485
2022-06-13,997166.2537976073,989376.04570162,986076.3236025756,1043636.4275466233,833603.4017014048
2022-06-14,974138.7326527403,983950.2994561269,981086.8271855308,1042592.7911190767,830372.3636519776
2022-06-15,968954.242750244,990135.5087975822,987922.0543850622,1042592.7911190767,848250.6356807436
2022-06-16,975479.2200527953,981652.0710797075,978430.8991161863,1042592.7911190767,829510.8227611624
2022-06-17,966383.4267788695,989066.8646403415,986825.4903964325,1042592.7911190767,844588.7406162856
2022-06-21,965828.941061096,1019494.8736616,1016941.9466278898,1068138.7629071968,859838.7588824761
2022-06-22,993698.3323689268,1032333.9623839498,1029772.1140777032,1067912.5693535577,871952.4462671005
2022-06-23,1008045.744463043,1052114.7108129296,1049533.1462578243,1089418.4964263164,902019.7212527386
2022-06-24,1029802.7122593687,1067054.9930214575,1064185.6140148162,1101850.6647523714,912835.1239971342
2022-06-27,1045645.4387341307,1072649.7155433258,1069416.2600301453,1108355.634910645,940739.3703756671
2022-06-28,1049026.6286831663,1051175.9625424764,1046945.3611722948,1072733.1554086618,915431.0007206054
2022-06-29,1027917.547651367,1056501.6160017245,1052634.7347262965,1074240.394768427,918242.7820845203
2022-06-30,1032967.846605377,1052519.6130127853,1049315.403439652,1065593.5607923588,908508.9802133007
2022-07-01,1033353.4786511229,1061730.8928266594,1059210.7315205482,1077991.5007038794,922136.7703089738
2022-07-05,1041781.9174710081,1059502.314167013,1057227.414437416,1081755.6347166898,938143.5802218191
2022-07-06,1038553.4747334288,1063739.338619535,1062266.923686696,1086150.5373724706,944416.761402691
2022-07-07,1044557.343694763,1064671.9442085999,1064014.602709301,1087745.0798251014,956097.7738101957
2022-07-08,1049116.119577484,1066100.6612710273,1065389.7715099796,1090273.5197062574,953285.4730285413
2022-07-11,1048270.9099674986,1066245.5004004978,1064562.6681076824,1091250.936188844,933601.185519049
2022-07-12,1050142.086412506,1058620.855120015,1057039.080739167,1087263.7770706029,924299.6257768326
2022-07-13,1039992.4561940001,1056496.757071002,1054912.8366155329,1085419.7245949493,925380.9669411386
2022-07-14,1039191.1653462218,1052477.725755594,1050726.0660556771,1084685.6464427104,922352.9346582872
2022-07-15,1035365.8706074522,1067897.8973663894,1065725.3897370778,1101111.3098295196,934466.3623340416
2022-07-18,1047364.0585270689,1043489.4243442104,1041777.5953122949,1076792.039467511,916512.4284545348
2022-07-19,1023194.6957150267,1049095.2009406062,1048804.149271449,1087191.4120115319,940090.5310492342
2022-07-20,1028204.379720764,1032117.4460291013,1030864.8512759758,1056634.3734783956,940955.707864227
2022-07-21,1015613.57678421,1036488.4943068168,1035724.8293357949,1056937.5734073797,945714.6997644268
2022-07-22,1017050.7130604552,1033506.4845743224,1031764.6586234818,1044388.4721869753,924732.3873235754
2022-07-25,1018158.0105229185,1039236.9945480978,1037532.2113909321,1055378.200660437,923218.1980429032
2022-07-26,1024133.352377014,1047638.9187618783,1045878.8869670668,1065204.0586234161,927111.7534192405
2022-07-27,1031636.5534039305,1050985.3105151306,1049038.013766302,1062869.9258441625,935980.4650450906
2022-07-28,1030447.2874089049,1044826.3844996245,1043085.1391721015,1055818.336018139,932519.5846458732
2022-07-29,1022042.4608021544,1033784.3690455349,1032849.7696532399,1052561.2290859632,927328.0909078002
2022-08-01,1016660.8484288023,1024505.7867654735,1023389.7872007269,1033786.4711972327,910888.6060178354
2022-08-02,1012379.9341641234,1018501.7178322007,1017474.0808772417,1025479.327367416,923650.613311153
2022-08-03,1003155.4835835265,1029214.7821331343,1029643.819653747,1024453.8480400486,933601.185519049
2022-08-04,1014965.1343174742,1023030.9961285767,1024242.2539401327,1022766.6669220842,936413.2265918335
2022-08-05,1008268.5663243101,1019940.2499778753,1020710.4343529713,1021743.900255162,956313.9381595091
2022-08-08,1003877.5322056578,1028544.6620186454,1028622.3832085703,1021743.900255162,953934.4854942207
2022-08-09,1008820.32861145,1034341.8125250346,1033994.4515179951,1020862.9010645758,936629.5640803934
2022-08-10,1014172.556711273,1040860.7700582149,1041261.9252223292,1035585.3969300754,959991.1560472866
2022-08-11,1020297.2505169676,1029571.9648195129,1029286.0905268895,1021606.3165846227,945282.024787307
2022-08-12,1003197.1386624144,1040911.2971021164,1040764.9585853647,1028764.7230780403,959125.8060930471
2022-08-15,1015389.7158032225,1045501.6068866107,1046965.5397215028,1057846.8546300817,957828.040870558
2022-08-16,1023382.8978977965,1046215.4808158946,1047520.5740058314,1056343.718225254,944632.839182381
2022-08-17,1027698.6770268248,1043511.378548699,1044166.0403876404,1055153.6079409786,934033.8604961686
2022-08-18,1025092.122072296,1038345.0496412078,1038474.2821908651,1046042.2544605727,934899.2104504079
2022-08-19,1019324.070005493,1045388.7057942466,1044904.0200188347,1053364.0859436076,955664.9256938295
2022-08-22,1028200.282228546,1032578.5593630829,1031684.9277227911,1033292.8848176907,948310.4033486516
2022-08-23,1018490.1172314452,1017885.7453705965,1016945.7424059345,1017124.2628374229,947012.6381261625
2022-08-24,1006665.184660034,1013453.3698787342,1012429.0630191108,1014810.9772348347,956962.8640555652
2022-08-25,1002795.9636860655,1017724.0535387273,1017262.0052661512,1014332.3479289666,963019.5346086309
2022-08-26,1008449.3503056334,999828.0087187837,998624.6456336702,997928.7904705642,934466.3623340416
2022-08-29,990489.378976898,983670.21211715,984081.2940317271,998209.54665085,914133.1489284931
2022-08-30,981052.8860569762,981406.3103979428,981649.9570160588,999008.7508163123,899640.2685874504
2022-08-31,976700.6541806029,978102.322572775,978723.098434298,1014513.353320262,898775.0052028344
2022-09-01,971782.613969879,1002267.3111716014,1002933.1059342149,1038169.8244139318,910023.2560635961
2022-09-02,995405.2866154478,987971.8169116285,988163.1928852752,1022718.516577266,902668.5605791715
2022-09-06,980413.4562397765,988544.7266364049,988442.8486847756,1014473.2365101433,895962.8775604265
2022-09-07,980638.583009796,999062.8643326702,999740.6642426031,1036878.6568564902,916728.852512718
2022-09-08,989886.4408055113,1010762.1484780739,1012373.0944106885,1041839.6269818374,931221.7328537608
2022-09-09,998442.3181095885,1018610.6616635215,1020687.6328460464,1044720.1678369035,945282.024787307
2022-09-12,1004186.6456776427,1024724.911301879,1027113.3219052205,1044283.050815987,955016.0863673966
2022-09-13,1004053.1017933653,992805.3495417234,994425.0140056582,1007347.1638542194,925813.7284878815
2022-09-14,971277.6507321165,999507.9747365717,1001054.0228601642,1006339.8166903652,934682.6132529783
2022-09-15,981953.5081692503,1005285.1718648588,1006626.7277272048,1006339.8166903652,927544.5149659833
2022-09-16,980274.2996922301,1013738.4032778244,1015032.480448215,1016267.898464304,914133.1489284931
2022-09-19,990727.4013386534,1006236.074305991,1008061.0554504644,1010095.2481164786,910053.6420013651
2022-09-20,983786.4661885069,994358.0350062997,995544.6478298913,996764.8014640126,902025.0019997583
2022-09-21,972118.8959217833,980533.7587507803,981216.7411343527,983297.4471104805,879241.3488378375
2022-09-22,957195.6050320433,998467.7239205604,998260.3294698722,994848.7870270589,887703.8757912896
2022-09-23,974954.4515782164,991873.6316707585,991329.936654887,990649.3314490292,863835.0724016387
2022-09-26,968861.7934895323,984612.1740712329,983983.0436131759,976535.0744181765,859061.190526236
2022-09-27,963563.5306835936,986051.3703126034,985852.4163894375,976428.3086252282,861448.0881791257
2022-09-28,962770.6288548277,1041186.6475782599,1049443.6481283882,996997.0563420322,884232.0010499164
2022-09-29,975635.326948242,1027174.4599735327,1034061.5482481391,975597.5149150931,873165.4598284052
2022-09-30,967614.4161854552,1012401.5201472668,1019989.9971082326,956742.230917744,871429.479172907
2022-10-03,957330.0488529967,1020859.7180740945,1027704.0352033378,947504.296037429,879458.2923137601
2022-10-04,968063.6244335936,1038081.5592983941,1045552.5820478102,956705.6736872784,901808.0585238356
2022-10-05,983882.3912792967,1036455.5995953399,1043778.0717678448,950961.45138218,898336.1837824623
2022-10-06,982700.092649536,1023657.6073030632,1030455.4802590363,941305.6034415379,900289.1944835065
2022-10-07,968023.6401577757,1013842.0064272848,1020141.9411127832,929856.4176853775,882929.9073462636
2022-10-10,959766.2317028807,1015018.1940467436,1020795.3607173843,930262.9093971129,871212.6222666076
2022-10-11,968039.1695118712,1032856.8994579136,1038629.8407215831,931275.7448815524,874684.4970079807
2022-10-12,986849.2675038145,1029662.0835935534,1035679.8994707254,929283.9371206717,873382.3167347044
2022-10-13,985773.8421498106,1057552.6136444705,1063257.7848063018,962804.1717550152,885750.9516598686
2022-10-14,1005286.1279965208,1052541.279370562,1058296.89510672,955007.3081877423,881410.9567363113
2022-10-17,1002108.721681671,1065928.1457599576,1071603.8765123948,969639.2250713268,894430.4220892437
2022-10-18,1015222.5409146117,1069031.3637564604,1074899.1179853578,971162.2130697527,904412.1593615179
2022-10-19,1018155.3761769102,1054506.9068451046,1060120.5553455362,954514.1595306552,879458.2923137601
2022-10-20,1003849.7639637755,1050603.172516873,1056412.746900417,950308.0160305756,870344.67522367
2022-10-21,1002021.8837376402,1078265.1594119805,1084756.3987828828,971354.5971583909,887052.8722242749
2022-10-24,1030234.9971638487,1100460.8546761058,1106905.1257913387,997632.0703054596,891392.6074389623
2022-10-25,1050632.259321289,1099233.258279367,1105909.5669762637,995817.1743173201,901157.1415264441
2022-10-26,1051714.2946453856,1118119.9757574266,1124664.5631003277,1015047.1948079763,912440.626223878
2022-10-27,1065787.1511021422,1118854.7730524628,1124762.969769737,1016702.7128952863,899855.2209620378
2022-10-28,1067037.1672650145,1148491.2411696184,1157259.6087079742,1072333.9599718822,919384.0294281314
2022-10-31,1106882.6276493834,1142887.6357765081,1150648.6375756504,1065690.012862924,918299.2254788943
2022-11-01,1098321.777376251,1144895.7898448785,1154049.8541251353,1066866.4741599238,926544.808956424
2022-11-02,1103170.6702633665,1132197.3403394283,1140544.942223943,1055052.2782539597,908751.8080065821
2022-11-03,1088776.7130451964,1135166.8655514482,1143539.3844036604,1055795.5288587804,907016.0004903304
2022-11-04,1088163.3598805235,1143572.983525848,1152279.0062421202,1065479.4573164445,902025.0019997583
2022-11-07,1097796.9772854613,1157342.4837530067,1165633.496965827,1084079.8401707367,907232.9439662531
2022-11-08,1110518.407857971,1173862.771364679,1181437.9985465785,1110409.2981445612,912440.626223878
2022-11-09,1130726.3063069151,1166896.9846623733,1173963.0653746438,1106420.2031320527,888571.7362646038
2022-11-10,1124368.3696842955,1177146.6816213496,1184952.0902446832,1107557.0761958594,919167.172521832
2022-11-11,1132460.4032192992,1155098.378978247,1164429.8284009735,1080565.9413115496,931101.747355904
2022-11-14,1109595.8939801024,1174124.9546449648,1184394.0134257178,1097131.8820991209,932620.5248266098
2022-11-15,1129209.435682373,1172398.4984405846,1182493.6556759109,1090638.8124471023,930016.7702674204
2022-11-16,1123900.6961079405,1172270.0148646454,1181923.3770379499,1088944.4254457431,907883.687824398
2022-11-17,1125319.4825726317,1184672.237972178,1193821.0732934864,1098436.0362516432,902459.1486604736
2022-11-18,1139233.77033432,1192374.1900680307,1201145.985642968,1099441.602499063,912223.7693175785
2022-11-21,1145594.9053288267,1201575.6283342175,1209782.674346027,1102226.296443745,903109.9790882417
2022-11-22,1152598.300359802,1212320.8040069027,1221163.791261891,1110844.0224480755,911355.6491353946
2022-11-23,1162219.4376812743,1208594.0015439906,1217349.8768504285,1103013.6585920113,907883.687824398
2022-11-25,1158730.026899414,1213712.8012578099,1222613.0401621151,1110288.8466977712,916129.3578715508
2022-11-28,1164635.7613507078,1205538.3226753783,1214466.5809210455,1091693.0084235708,917648.3950511263
2022-11-29,1165484.5020008849,1205002.408486587,1213729.1861308091,1093362.395679299,915695.384350082
2022-11-30,1165287.5612431334,1228735.058151904,1237574.842763965,1113310.5144397141,931318.77740145
2022-12-01,1182386.9949284361,1230764.0040743288,1240313.876372912,1113564.0313405045,936309.4296135289
2022-12-02,1186491.648748474,1233612.1393923194,1242929.2776990116,1123809.1315207242,945856.8470858413
2022-12-05,1188840.5262852476,1227084.7836763018,1236361.9983835004,1119929.8651858536,927195.8125234387
2022-12-06,1184907.9436245726,1217508.0448244708,1226139.2476984868,1115679.1979128136,912874.5131757235
2022-12-07,1172678.4636631773,1224531.2606026554,1233333.2490137608,1122736.8064395592,919384.0294281314
2022-12-08,1181082.379381256,1231121.8155401142,1240870.3760521135,1133817.2287080458,923723.9377820655
2022-12-09,1193648.1379681395,1212919.986731632,1223362.1087658803,1118904.1725166384,907232.9439662531
2022-12-12,1176907.0367680357,1220728.8758494486,1231742.8079069825,1127897.7924010758,919601.3191825473
2022-12-13,1181927.3546467589,1221482.2794962013,1233225.6174588276,1139945.090624073,927629.6994752842
2022-12-14,1189664.159029083,1225955.2341908545,1238532.4956269944,1154926.9227974995,925026.0314857183
2022-12-15,1200193.5975476073,1203919.8154217047,1216579.5842838117,1138043.109373198,902459.1486604736
2022-12-16,1179966.235052185,1192979.6220517699,1204073.8677817124,1114823.244567233,896817.4928813799
2022-12-19,1168155.3069821165,1191538.325800074,1202624.9816204805,1117689.4913281205,883387.860653379
2022-12-20,1166178.6107502745,1188198.4667674499,1199359.896000827,1110464.5792478987,887966.0086105609
2022-12-21,1162327.0386219786,1197231.85873151,1208366.2488661734,1120649.9863111167,894724.4125298796
2022-12-22,1172583.3387089537,1195225.5049625067,1206167.1378713439,1123383.5846173812,889928.1956916723
2022-12-23,1171192.5519657896,1192455.6845442161,1203636.6488312231,1126458.68156367,887966.0086105609
2022-12-27,1171933.7556248473,1188490.2795028805,1199116.0824131693,1122006.8275817381,878373.4017949
2022-12-28,1169657.555387573,1181110.1696441583,1191825.1848452669,1114379.841302521,873359.2026452906
2022-12-29,1161804.9647084044,1186335.7352674166,1197549.6578569792,1118141.4651291883,892762.3120183916
2022-12-30,1167667.6728764342,1185682.6069745827,1196713.0084392102,1115747.0440211424,892762.3120183916
2023-01-03,1167375.274263458,1184994.771006083,1196097.7112917034,1116175.4421305652,885131.8057142184
2023-01-04,1168119.73202713,1188279.932520115,1198405.447177591,1108593.0094325473,898212.5623604282
2023-01-05,1170684.0890751646,1190802.8153182333,1200013.9596220164,1111103.1868320224,890146.2645726976
2023-01-06,1173813.034444885,1214655.349513141,1224460.8093378332,1121474.726837722,901918.8676416253
2023-01-09,1196444.7829266356,1178470.8667106507,1187905.727595178,1077978.5192462734,902790.8834568566
2023-01-10,1156226.0948582457,1185794.027669035,1194777.4252517652,1080735.1677547814,909985.4251382257
2023-01-11,1161258.9695606993,1185239.8157411846,1194217.9802471823,1083270.8420450874,915217.5200296137
2023-01-12,1160159.8427830504,1180058.0930868825,1189206.7557739476,1090097.8849004325,922848.1994730334
2023-01-13,1156929.7432461546,1185433.5095021992,1194367.0065729495,1094779.4898864895,932004.4953873974
2023-01-17,1160009.9198017882,1174345.4548039685,1182776.6026355065,1080266.9496472368,928516.4321264719
2023-01-18,1142154.976633148,1154281.2507332829,1162328.6361177764,1059815.4150199776,919795.9276956655
2023-01-19,1121575.6044407652,1155517.9168596622,1163023.9895674852,1058755.5996049577,920667.9435108969
2023-01-20,1121837.9602185057,1159505.086216599,1167220.9327820477,1060757.7247957007,931786.5996456186
2023-01-23,1121109.5349713133,1158170.3009290136,1166043.757437398,1054102.2691001066,947919.4549299496
2023-01-24,1118485.2029896544,1153183.358167598,1161338.8527202085,1046345.8080436772,936800.9719344742
2023-01-25,1114520.9904232787,1155385.5993811237,1163847.8777352264,1046946.8132448923,940289.0351953998
2023-01-26,1115429.8265171812,1148367.385151988,1157102.2962986103,1043862.0812841215,942251.3088461342
2023-01-27,1105835.2520352171,1140653.832675829,1149503.5319682918,1036710.7648815551,946611.3013526677
2023-01-30,1098237.3063641356,1131167.315190595,1138950.5415627223,1026308.0159499195,935710.8872382179
2023-01-31,1088252.6768818663,1143244.588135414,1151174.2667676297,1039626.419814354,949227.6085072316
2023-02-01,1098372.616628723,1136172.6786170935,1144276.4081505234,1030717.0342997789,955114.0831809419
2023-02-02,1093655.9892254637,1126387.1387843457,1136310.7268067452,1015279.1235628491,964706.4302877332
2023-02-03,1080774.1457196043,1130885.597215703,1140220.885689906,1019110.4644207278,955114.0831809419
2023-02-06,1083118.4661961363,1136063.759331664,1144285.1895654257,1028011.9615990545,953369.964980856
2023-02-07,1086312.8083897398,1139707.1542137817,1147174.21594024,1033559.4173737576,960782.3158343806
2023-02-08,1089373.19371994,1134125.1381347699,1141858.4044454219,1020265.9438134864,946611.3013526677
2023-02-09,1089948.9749775694,1130988.104439804,1138025.483638594,1007402.641012713,935274.7494761674
2023-02-10,1083907.76069458,1143799.942217036,1150700.4592458282,1003940.5730338664,932222.6508380459
2023-02-13,1096966.0246258543,1154021.5268834638,1160535.0150046125,1013227.833338297,937018.7811066299
2023-02-14,1103635.889272766,1144222.3614067556,1150946.50942136,999722.4335192005,935492.9049268158
2023-02-15,1094699.2948704527,1129551.6108784368,1136264.1658704667,991048.4705854771,936800.9719344742
2023-02-16,1084324.6365528868,1112948.5776348705,1119871.6714546916,975381.7057034372,925900.2981111548
2023-02-17,1069409.607568817,1132933.3267891754,1139253.9164407027,986005.5971524364,944431.3916690242
2023-02-21,1091276.7345486449,1125271.6058385184,1131090.3720550742,986568.207982704,915653.6577916642
2023-02-22,1082484.0983792113,1120493.3943354604,1126005.4954600292,975607.9108502865,919359.7033639917
2023-02-23,1076632.445459442,1123018.049329188,1128086.1625905263,985544.2498250722,925682.2292301294
2023-02-24,1078938.614713745,1110665.404597004,1115531.4301560374,984499.0987862839,907587.2734343105
2023-02-27,1064649.8548451231,1108858.3971668999,1112972.6727203007,987185.7572741414,897122.5642337948
2023-02-28,1059675.198923187,1096912.3392091203,1101685.6205160385,971888.0950183605,900174.8360111626
2023-03-01,1044200.7396069334,1100460.1645768003,1104668.5448440071,978089.2476120964,930478.53263796
2023-03-02,1044138.2321339415,1098217.4615389642,1102857.3282595943,971510.2584379765,926772.4004960093
2023-03-03,1045767.8785954283,1105687.3608415993,1110972.0703209413,975230.076496234,939853.0705725957
2023-03-06,1053325.637975769,1112477.1950554356,1116436.7212363086,992045.6184104442,924374.2487920941
2023-03-07,1066708.747739868,1097809.6093458128,1100898.8649126543,985297.8235404696,908895.2538723458
2023-03-08,1054607.535429077,1085457.1149481568,1089622.0862308496,961332.4733371435,906715.0844798327
2023-03-09,1043786.699256523,1071857.7764694404,1075606.6044393138,951084.6075076162,887311.8885371084
2023-03-10,1031673.4986187057,1073671.8776738993,1077261.133284628,959098.7672983281,863548.7000878509
2023-03-13,1035086.2260204391,1079416.3410991428,1084351.542520143,957545.8701196924,879463.4864911566
2023-03-14,1038283.8617473678,1088601.385889882,1092637.6942011386,956588.3242495727,895378.5326033321
2023-03-15,1045122.065650566,1095509.032028922,1099716.3030939808,956936.2060404166,894724.4125298796
2023-03-16,1052391.667869194,1097036.411952871,1101322.4725393835,964638.3790076148,901482.7298795746
2023-03-17,1051795.8284221725,1079024.0578638953,1084278.404436326,945778.8018066927,885567.8569066457
2023-03-20,1029836.4058910445,1097251.0396697023,1102527.1429529754,956473.377817587,895515.5723169737
2023-03-21,1048789.9935680465,1095079.8047368736,1100235.0512569072,960455.7059116325,896390.1852209031
2023-03-22,1045091.4502483443,1079219.0937564722,1083995.941057585,941463.4329026011,875182.7917595414
2023-03-23,1029682.6536022262,1086041.1143989475,1090942.2675590839,951449.6764489878,869498.3705865508
2023-03-24,1035016.6478954391,1100306.6412950216,1105114.6221232365,968114.0451985545,877150.5192965422
2023-03-27,1046463.3888469771,1102841.2487590502,1106741.6899785586,962432.7287794796,892892.0798836781
2023-03-28,1050217.7504345016,1103444.1233118568,1107253.8335393814,965885.714578473,886114.457507993
2023-03-29,1048194.0152050094,1107819.3773212759,1112397.012734217,969445.3723120787,892673.4050152899
2023-03-30,1052550.8628612594,1110997.3190320483,1115347.9858535014,970547.9704335254,888519.3616425236
2023-03-31,1056716.8482891158,1122065.365568627,1126603.8182099117,979676.7245066257,896608.6869500448
2023-04-03,1065729.1429210738,1132410.163018438,1136777.2487454168,983562.5946242904,902730.4578598118
2023-04-04,1080085.2404552535,1128953.1782855026,1133320.5859235416,981333.1555429342,892673.4050152899
2023-04-05,1080040.86260186,1154521.3770559144,1159268.2928394608,1000857.9992036261,895952.8354841267
2023-04-06,1109019.3353038863,1159550.5517939287,1163888.0922080295,1002497.8201804848,910601.108298945
2023-04-10,1108600.3571544723,1153886.5427443255,1158367.2393883565,993493.4437897681,909726.668534262
2023-04-11,1105458.3773876266,1153971.7075953372,1158577.0616386756,994400.6705509711,909726.668534262
2023-04-12,1105629.8872295455,1155478.58187631,1159004.7016553446,993603.8354760522,904698.0122575661
2023-04-13,1104178.6218181686,1168368.3065773202,1171351.530861335,1005135.1849333567,919346.4582116308
2023-04-14,1116632.9453197555,1163361.1017791382,1166213.164797733,1001324.169756005,906447.2380654252
2023-04-17,1112492.869041069,1164741.6295501236,1167613.96363144,1004828.4337801586,924593.7027870917
2023-04-18,1111335.2518077926,1157113.3994755473,1158750.5470542016,996751.2169812567,916941.467507477
2023-04-19,1100588.7441936568,1157032.2973775708,1158670.0112127522,993607.7414856544,922844.5635488561
2023-04-20,1100250.5994945602,1155265.8448771737,1156495.3863192082,993741.3629388856,920439.6594143254
2023-04-21,1099147.4384990768,1165689.6973982179,1166412.7311061448,1008821.2677743809,930715.213987989
2023-04-24,1107538.9077220992,1168529.8649222725,1168691.3322192414,1009889.6516394067,925905.4057189279
2023-04-25,1109835.4513774947,1162275.0600614445,1161851.4296959103,995092.6797196498,909508.0802354971
2023-04-26,1108545.4707714156,1141806.879437313,1141943.558399545,973309.1401697196,902074.4332546473
2023-04-27,1084417.484489067,1135215.4067489281,1136003.5206588504,984756.2425603024,911038.631174968
2023-04-28,1090833.3248821334,1139632.6161941695,1140590.8292413668,998795.2015545763,919783.7213787839
2023-05-01,1089592.8224102096,1149348.2462949746,1150033.4465574191,1008629.3392662377,927435.6969495289
2023-05-02,1090640.7096324996,1145623.0481359994,1145731.1019244387,1014069.7006204757,916941.467507477
2023-05-03,1091291.596397026,1133004.7104933872,1131758.8503956732,1012471.5924748759,923281.9132856324
2023-05-04,1078792.3751293258,1130145.0403639944,1128960.497485378,1011300.6256676349,914973.7399704763
2023-05-05,1074473.5128856734,1142327.0521965218,1141219.2410239084,1019196.6416953771,928091.7215546934
2023-05-08,1083896.5628887252,1138555.8241416481,1137541.5566309309,1016315.7523075128,928091.7215546934
2023-05-09,1081758.2729869918,1134174.1585287764,1133207.938079411,1011639.6887560167,926123.9940176927
2023-05-10,1077046.8333355025,1133826.2026197244,1132549.623179254,1012472.171562799,926561.5168937157
2023-05-11,1076403.4249187545,1132077.742765305,1130486.2630827064,1006606.0617607224,918471.9318773246
2023-05-12,1073108.6358562545,1128004.0360985745,1126340.5363884144,1003294.7365502809,907758.7678580148
2023-05-15,1069988.921622856,1126897.254264011,1125080.3529716674,1003675.3791724214,909508.0802354971
2023-05-16,1066418.2192607955,1114709.6775358366,1113004.2844980482,995569.888828766,892892.0798836781
2023-05-17,1059926.8035961227,1110404.0980352026,1108921.8004778489,987708.5570015255,890924.3523466774
2023-05-18,1055333.2093425826,1104481.247902889,1102964.8967629245,983147.9826476155,886551.7206751461
2023-05-19,1049343.1795726852,1112170.8914381403,1110152.6352541554,991907.6997203671,889612.3897059715
2023-05-22,1056035.1972728805,1113256.265039402,1114438.9661829507,984039.8043955899,896390.1852209031
2023-05-23,1061039.864554985,1110699.0979655108,1113947.858669776,971138.7681350827,889175.2996780649
2023-05-24,1061977.9828716354,1103446.7475944255,1105170.7869692796,955263.8065068237,881741.8258364616
2023-05-25,1056660.2339702682,1086235.79010261,1087465.774269531,939721.0879097446,867967.9927863264
2023-05-26,1040082.500114067,1080433.2986713308,1081890.1335074892,943300.5400973224,865344.4137834077
2023-05-30,1033927.216834648,1074099.6027501903,1075738.8262971148,942357.2395572251,854850.0977717325
2023-05-31,1025763.9547954635,1083265.994204226,1085891.8942738436,942357.2395572251,862502.246481724
2023-06-01,1037722.8320842818,1077891.1021456306,1079928.464025627,942357.2395572251,865344.4137834077
2023-06-02,1031411.9605785445,1092761.9096061816,1095091.6366886909,942357.2395572251,884146.8165406155
2023-06-05,1047553.7961650924,1099011.1776694446,1101636.993956903,948531.9034787382,886770.3089739111
2023-06-06,1054983.6161113814,1086215.8457689788,1090105.248600627,941660.185843393,892236.2284177601
2023-06-07,1041131.148475273,1088099.939209182,1093046.7872028684,954421.8520258309,896390.1852209031
2023-06-08,1039929.4337688521,1100178.1445663439,1104401.3267137203,959330.2534788118,897264.6249855862
2023-06-09,1052809.1418834762,1098149.2625227203,1101957.3635652154,955188.4691617505,886114.457507993
2023-06-12,1050659.5297161178,1099301.924053216,1104269.757264426,965291.4213920534,892892.0798836781
2023-06-13,1050646.9753643111,1100852.7964662102,1107127.0260659365,960360.7232939599,905354.0368627307
2023-06-14,1059047.6109539107,1093280.5561907543,1099057.2982841176,955074.8829133911,903823.6590625064
2023-06-15,1055246.9593425826,1102229.6060991038,1108758.9574532462,966793.8956344231,913880.7119070283
2023-06-16,1069493.3773113326,1109304.4107614944,1116452.0638562683,971364.3309279444,914755.1516717114
2023-06-20,1072013.4699779586,1103407.212921521,1109444.3321882973,963839.1490186279,919009.2695289816
2023-06-21,1067456.5405956344,1100927.9341577333,1105824.819105942,957577.9263951519,919009.2695289816
2023-06-22,1066122.7927623824,1108548.3976539625,1112377.9935540818,963255.4292801745,919228.5503847328
2023-06-23,1077923.5616832809,1099453.8456883328,1102796.4857959165,961262.3173557034,905194.4890470381
2023-06-26,1074530.6440960006,1086155.9031640866,1088369.9804400145,950072.327857989,890721.8659978413
2023-06-27,1057501.206275566,1081297.1182065364,1082529.7730264443,947098.8573637125,890283.4774255856
2023-06-28,1052513.6667400436,1077869.3833837693,1079196.0910999246,942165.7192669584,883266.4034719267
2023-06-29,1048458.977470024,1079357.3316381911,1080234.1825222643,947222.2566128116,888309.6900149557
2023-06-30,1051646.8367992477,1090080.0702272735,1090793.883774827,956326.8289534217,898835.3442302558
2023-07-03,1064273.8917919234,1089241.2632940281,1090265.833487144,953512.3013642676,901466.8010688925
2023-07-05,1060016.740195854,1092191.914671659,1093292.5150010304,951939.0643460554,896861.8165284958
2023-07-06,1058711.3754650191,1080151.9401175804,1080999.6860115738,940064.8746571549,892256.7454184759
2023-07-07,1043344.4191286811,1059132.775741566,1061344.9433457984,923185.5988920791,882389.4531881687
2023-07-10,1024434.804840351,1069148.3025286484,1070928.3508613985,927385.9320343311,891818.3568462201
2023-07-11,1036092.1746886023,1068238.5640575988,1071114.4304559238,919357.2667203087,899054.6250860069
2023-07-12,1033366.1523401984,1064388.1324185238,1067898.1681164578,925904.9452563636,895984.8662447379
2023-07-13,1031318.3699534186,1065169.0207995875,1069441.076043145,934028.344406985,895984.8662447379
2023-07-14,1031950.7914698371,1071216.989843958,1075424.1056169446,933084.6773184426,904975.208191287
2023-07-17,1038234.472650791,1065670.046124514,1070050.358068461,928948.2568241082,900589.5045066414
2023-07-18,1031379.5389292487,1072197.6309070908,1077128.8890794164,940064.3988668801,904755.7541962893
2023-07-19,1039768.048975254,1075059.97758938,1080199.574567265,936086.532206104,912430.6707172017
2023-07-20,1041576.2348768958,1096880.9367663362,1102123.4390326445,950498.1394227998,917255.0226829726
2023-07-21,1066043.5658285865,1109726.9537987951,1114981.1295046387,959491.8386547928,928438.4328959028
2023-07-24,1079465.3324282416,1102500.2757254704,1108954.6210316282,948099.3198277366,927342.0286171472
2023-07-25,1070229.3919852027,1092445.5122422911,1099217.07020151,946319.0854656622,923175.6057882528
2023-07-26,1065467.2307188758,1089156.9207304737,1096545.0433062916,947390.15142578,929973.4854557839
2023-07-27,1065358.3695872077,1084423.5166811487,1092369.8051232542,965758.6659636056,922079.2880791205
2023-07-28,1057987.0501387366,1092042.8914316362,1099288.4801695382,971984.6978915664,954532.7681606621
2023-07-31,1062429.4409640082,1087615.3874483132,1093934.8866998297,953308.4685577672,958699.2775591798
2023-08-01,1050336.1420767554,1080346.483135343,1086751.8535916577,950923.638716113,947954.429057752
2023-08-02,1043665.5870688208,1082690.392029295,1088515.6101377849,952295.5029961735,942472.4942335973
2023-08-03,1043568.5896971473,1078978.5553793064,1084335.082881593,953357.5958346685,945761.7936394875
2023-08-04,1042921.0853541144,1087353.2215678222,1092948.1674587154,964892.2863941531,944884.4970772365
2023-08-07,1056830.9719908484,1106796.574682581,1112862.1599516636,991048.9178454055,945103.6047937409
2023-08-08,1080936.1532557257,1110904.3788356862,1116861.9072618976,999906.8420197977,964400.5798087089
2023-08-09,1086802.6483919867,1110730.4376125943,1117061.42159009,1000365.5737107313,955848.6264344155
2023-08-10,1085723.4829104193,1111089.6607994016,1117461.342440615,1003636.6107182769,953875.0987326553
2023-08-11,1084406.2723887214,1119527.1249892856,1125584.341971101,1009110.2333219717,956944.771004301
2023-08-14,1093501.7973959693,1121060.4844021832,1126564.4391902266,1006542.6747416195,953655.731307281
2023-08-15,1095401.4221499213,1120030.9450462088,1124696.912272526,1011724.4820104173,951901.5710308953
2023-08-16,1094635.2301810035,1111506.8423958845,1116331.4036837812,1008133.1481477348,941156.7225294674
2023-08-17,1089754.1366293677,1112455.719615543,1119080.253881323,1009125.574796398,935236.2259938106
2023-08-18,1094323.8585360297,1109554.767182162,1116215.1284073107,1003868.4813131759,939840.9508253374
2023-08-21,1090543.5871508368,1108387.676015881,1115095.204787515,992510.2356526739,942910.8828058532
2023-08-22,1085627.4214728125,1098759.0234289127,1106265.5650409716,976447.8445785445,946200.0956421198
2023-08-23,1075020.4705412635,1104389.7692177799,1109912.0087172978,971334.0655332968,950366.5184710142
2023-08-24,1084559.155937458,1096501.0916800827,1102131.7492275264,963388.0958751765,942253.1268082231
2023-08-25,1075763.3197062262,1103731.7065815874,1109495.2780312526,968863.604035194,948612.2716250053
2023-08-28,1083044.1653349646,1100194.772785345,1106048.6334470722,963037.8433038502,954532.7681606621
2023-08-29,1076761.4032538184,1110076.7179676588,1115432.6483668725,974253.2510762903,963961.8449579601
2023-08-30,1084731.488346363,1106680.614654791,1111483.6713580121,970417.7926405238,963961.8449579601
2023-08-31,1080622.773508335,1095923.6150344086,1100460.7761905992,959960.9236968294,958479.9101338055
2023-09-01,1068088.1464560279,1099855.3281313442,1104468.5532267112,963659.1883738739,967470.5983588478
2023-09-05,1071304.0016291388,1085320.6618911533,1090549.8767746964,945688.4687145907,948612.2716250053
2023-09-06,1057695.5733359107,1070691.2572811653,1074783.9000686842,931450.1973683753,940498.879962214
2023-09-07,1040403.4076426276,1079763.9365738302,1082862.127059787,942874.3660806132,940498.879962214
2023-09-08,1050378.407638813,1089431.813261991,1091798.5578440526,952570.2880811469,942910.8828058532
2023-09-11,1063060.0472586402,1092751.8195400208,1094908.4185553968,948639.4637790213,947735.234771624
2023-09-12,1067677.608274723,1092163.5191726414,1094544.8805285522,946970.5347121522,949270.200761882
2023-09-13,1069252.6855337867,1088703.230099999,1091508.7961953701,936113.1456713236,938305.9848350796
2023-09-14,1064897.0399782904,1097425.205711962,1099379.3596621784,935177.0325256523,940498.879962214
2023-09-15,1074164.4554617652,1086931.1524501755,1089035.4159223898,922286.3916392291,930631.1548837906
2023-09-18,1063365.0810492286,1088614.7872808329,1089773.1140712616,932076.3001186717,922714.6225443227
2023-09-19,1065505.5487940558,1090785.9546351933,1092639.3819744359,931909.7214825712,916337.557815523
2023-09-20,1066814.3820765265,1097056.725389036,1098135.7958118084,940760.7835492766,911279.7275757839
2023-09-21,1072034.7283118018,1090725.362920796,1090925.911195712,935706.1145081866,894567.1155243921
2023-09-22,1062249.2373602637,1085608.1243838035,1085735.1357187387,930012.1536281477,890828.5197737139
2023-09-25,1056850.0942213782,1085505.5779191244,1086219.2701668062,934367.8814246404,887969.9908132316
2023-09-26,1055356.7509367713,1084490.7995479845,1084286.8463541141,935948.7722207734,886650.4966153008
2023-09-27,1053339.1063959845,1077414.2407039583,1077207.9263030556,933472.8271232244,879393.8845140449
2023-09-28,1045477.7250979193,1078488.4183432527,1078077.158922515,933983.4652186803,882032.5266314131
2023-09-29,1047312.5557520636,1071972.7206773187,1073964.959764627,920646.6159051652,874115.9942919454
2023-10-02,1044164.8438551673,1066319.8106708648,1069716.206102168,913948.7721576017,862021.3522244411
2023-10-03,1041698.8115217932,1057452.74817634,1061531.1002910458,902326.8213907671,848827.1028021201
2023-10-04,1033249.0215037116,1064406.4020189673,1066955.744736119,910779.7848086467,845088.7667603119
2023-10-05,1039134.2999651679,1069845.8801499305,1072364.6352372614,909105.6698578015,852345.4654311911
2023-10-06,1045516.4020102271,1074458.4441447663,1076206.5335452694,912838.4171856594,858722.7898688609
2023-10-09,1047492.5196707495,1080585.9240248825,1081863.0486485185,920526.612440678,859382.5369678262
2023-10-10,1054863.418815876,1079642.9345990648,1081176.6417741736,919051.7645517446,863340.586713502
2023-10-11,1054035.5581648597,1088849.2545769606,1089124.7353976946,943484.9193940149,859822.224084431
2023-10-12,1063087.2289374121,1085976.769543758,1085603.0435789754,937113.9086965359,836732.5473042392
2023-10-13,1063495.1973726996,1087055.000763744,1085393.898822132,937223.5179108839,831234.8568086489
2023-10-16,1063023.1444285163,1098709.3461579555,1098885.3757700962,952647.1488818893,843549.558858514
2023-10-17,1075615.1170218238,1099489.9098031393,1098683.0752279896,954451.8282212436,842230.064660583
2023-10-18,1072432.7495062598,1085012.5448630794,1082580.904615433,945634.8072606457,822658.5773702157
2023-10-19,1053266.5379959468,1069765.8753459281,1068043.1074932527,930039.197385953,809464.414517518
2023-10-20,1042047.736734045,1071364.3023468659,1068048.1853500826,922663.106463952,807485.3463598685
2023-10-23,1043531.2393318538,1063374.732679715,1060388.2049240852,911725.7501191315,795830.3048393459
2023-10-24,1038687.1160370235,1065801.2069518599,1061861.4952273304,920302.0018791136,806825.5126912799
2023-10-25,1039718.3492905025,1063175.878163901,1059900.8791128476,915115.9279772056,799129.1269037959
2023-10-26,1040442.30767597,1053484.772764375,1049315.808959451,911638.9375365522,790992.5345819674
2023-10-27,1042333.3929878597,1021683.1818820038,1017475.7588184157,888043.94351255,778018.3451420071
2023-10-30,1014279.4468819026,1031474.6867810074,1027803.7049735197,900471.195202286,780437.1869858846
2023-10-31,1021956.661267889,1029651.7704746866,1026808.4551814854,904111.8580053586,787913.772499878
2023-11-01,1019448.3751083736,1037931.368188092,1034313.5239089045,914268.9367529458,791212.4214250814
2023-11-02,1028364.2427612667,1045989.7049456049,1041693.1585920607,920197.6785317754,801547.8821780502
2023-11-03,1037713.228013647,1057822.2399300523,1055451.0164199022,926952.4318958479,820899.3960556802
2023-11-06,1047673.3492523555,1059724.5004124132,1056633.7291924409,929497.0333021979,813422.6374024403
2023-11-07,1051776.9608436946,1055041.3860398643,1052081.3640807013,923531.487258836,811663.5426575282
2023-11-08,1047382.8848930721,1043551.8760415507,1039679.3203623521,908873.6979037081,805725.9919060866
2023-11-09,1041015.2106644039,1013407.6385668044,1009702.0987429719,883046.8259862068,775599.3301588829
2023-11-10,1013528.2162186031,1015797.4906034694,1011656.150072911,882163.7791602205,775379.2701765224
2023-11-13,1014680.1189133052,1012481.5415230172,1006992.039085131,882163.7791602205,774059.9491178383
2023-11-14,1012904.6186272029,1015799.1586694843,1011002.6301822899,882163.7791602205,795170.6443100037
2023-11-15,1015688.6525398616,1023875.0121681155,1021552.8328300932,882163.7791602205,804186.697434665
2023-11-16,1022571.1818481807,1021899.5138515901,1018581.2326877026,882163.7791602205,795610.4179962318
2023-11-17,1021274.6024490718,1020480.1713364443,1017580.5446250814,879207.8381040898,805506.1916325957
2023-11-20,1020113.0094009761,1021127.115358948,1017278.6389373832,878328.6302659857,811223.5958320535
2023-11-21,1025980.4422241573,1017335.9905706563,1014777.550014704,878328.6302659857,804186.697434665
2023-11-22,1022544.1725975398,1021786.7093045806,1019487.3822156684,876869.0314055214,808804.6674185527
2023-11-24,1024720.1777893428,1025045.5346015,1023306.811939936,885749.9914745355,816061.5392286786
2023-11-27,1028307.335851324,1018146.412465306,1015612.5959421166,878664.0673280243,811223.5958320535
2023-11-28,1021691.2714859371,1013248.9816258361,1010465.5672029398,875185.7159273254,805725.9919060866
2023-11-29,1016780.2078377132,1020513.5359360573,1017841.6430438318,877765.2239711112,808584.867145062
2023-11-30,1024439.5249954585,1036387.3179435444,1033460.1881600998,890127.2771558512,813642.4376759311
2023-12-01,1039213.8316284542,1043674.7194515014,1037359.8308738363,884575.0735303694,827056.6605109894
2023-12-04,1044646.654664648,1048576.7561735925,1041998.441221383,889569.8824117401,842010.177817469
2023-12-05,1053093.9577804927,1049430.6330229596,1041897.3981832871,887409.0088971783,839810.9631078356
2023-12-06,1055171.6708732967,1049189.4369975948,1041171.0199779067,885250.2695884869,838491.7286187748
2023-12-07,1049086.9618622188,1048474.4987628895,1041070.078277595,881268.2162262042,838711.6154618887
2023-12-08,1040443.1385551814,1050080.5678249104,1043021.7916545985,881637.0337091336,840690.6836195384
2023-12-11,1039951.1813637142,1062192.9352222623,1054479.0678072802,895089.4459501527,844868.9664868212
2023-12-12,1046972.4153572444,1066727.0550614037,1058231.5419700905,902606.3673712327,854104.8198849732
2023-12-13,1049998.4887520198,1083425.8150550383,1069133.8295885937,920400.9862396617,881152.8061197106
2023-12-14,1061462.0467369994,1078274.6119310658,1063650.5846898342,920644.2093289931,882912.0740038693
2023-12-15,1053430.070298477,1067200.0328538697,1053755.2897735182,903478.3057000315,876095.1490192182
2023-12-18,1047042.48215036,1069988.0926587253,1057522.7424597363,901824.6622705158,878392.1874031503
2023-12-19,1049935.5737812957,1078430.4244513789,1068158.9936388636,903772.686733346,894957.1982468612
2023-12-20,1060070.5030415496,1062964.8295801596,1052021.017323305,888560.3208125813,878171.0885853104
2023-12-21,1045282.5517991027,1075113.055688132,1064945.066459505,897803.2949347445,892748.5474482911
2023-12-22,1057664.113507553,1088944.2310353667,1078101.1530932162,911823.8407079593,906000.5388093353
2023-12-26,1068320.142230316,1089027.1377901486,1078024.496703349,914134.3966094562,913510.1939194188
2023-12-27,1069590.30611734,1092974.0962389032,1081788.4866916523,917073.4394983479,925878.8288445829
2023-12-28,1074979.773280426,1096719.76350922,1085159.8380964987,918170.0269650151,923670.1780460128
2023-12-29,1081767.0210526427,1096259.2149497468,1084609.566443446,915988.8629984062,919252.703309626
2023-12-29,1081979.2563279113,1096259.2149497468,1084609.566443446,915988.8629984062,919252.703309626
